id,label
1,Cat
10,Cat
100,Cat
1000,Cat
1001,Cat
1002,Cat
1003,Dog
1004,Dog
1005,Dog
1006,Cat
1007,Dog
1008,Cat
1009,Cat
101,Cat
1010,Dog
1011,Cat
1012,Dog
1013,Cat
1014,Cat
1015,Cat
1016,Dog
1017,Cat
1018,Cat
1019,Cat
102,Cat
1020,Cat
1021,Dog
1022,Dog
1023,Dog
1024,Cat
1025,Dog
1026,Dog
1027,Cat
1028,Dog
1029,Cat
103,Cat
1030,Cat
1031,Cat
1032,Cat
1033,Dog
1034,Dog
1035,Dog
1036,Dog
1037,Dog
1038,Dog
1039,Dog
104,Cat
1040,Cat
1041,Cat
1042,Cat
1043,Cat
1044,Cat
1045,Cat
1046,Dog
1047,Dog
1048,Dog
1049,Dog
105,Cat
1050,Cat
1051,Cat
1052,Dog
1053,Cat
1054,Dog
1055,Cat
1056,Cat
1057,Dog
1058,Cat
1059,Cat
106,Dog
1060,Dog
1061,Dog
1062,Cat
1063,Dog
1064,Cat
1065,Dog
1066,Cat
1067,Dog
1068,Dog
1069,Dog
107,Dog
1070,Dog
1071,Cat
1072,Cat
1073,Cat
1074,Cat
1075,Cat
1076,Cat
1077,Cat
1078,Cat
1079,Cat
108,Cat
1080,Dog
1081,Cat
1082,Cat
1083,Cat
1084,Dog
1085,Cat
1086,Dog
1087,Dog
1088,Cat
1089,Dog
109,Cat
1090,Cat
1091,Cat
1092,Dog
1093,Dog
1094,Cat
1095,Cat
1096,Cat
1097,Dog
1098,Cat
1099,Cat
11,Cat
110,Dog
1100,Cat
1101,Cat
1102,Cat
1103,Dog
1104,Dog
1105,Dog
1106,Cat
1107,Dog
1108,Cat
1109,Cat
111,Dog
1110,Dog
1111,Cat
1112,Dog
1113,Dog
1114,Dog
1115,Dog
1116,Dog
1117,Cat
1118,Cat
1119,Cat
112,Cat
1120,Dog
1121,Cat
1122,Dog
1123,Cat
1124,Cat
1125,Cat
1126,Cat
1127,Dog
1128,Dog
1129,Dog
113,Cat
1130,Dog
1131,Dog
1132,Cat
1133,Cat
1134,Cat
1135,Cat
1136,Dog
1137,Dog
1138,Cat
1139,Cat
114,Dog
1140,Cat
1141,Cat
1142,Cat
1143,Cat
1144,Cat
1145,Dog
1146,Cat
1147,Dog
1148,Cat
1149,Dog
115,Cat
1150,Dog
1151,Dog
1152,Cat
1153,Cat
1154,Dog
1155,Dog
1156,Dog
1157,Cat
1158,Dog
1159,Dog
116,Dog
1160,Dog
1161,Cat
1162,Cat
1163,Cat
1164,Dog
1165,Dog
1166,Dog
1167,Cat
1168,Dog
1169,Dog
117,Cat
1170,Dog
1171,Cat
1172,Cat
1173,Cat
1174,Dog
1175,Cat
1176,Cat
1177,Cat
1178,Cat
1179,Dog
118,Dog
1180,Cat
1181,Cat
1182,Dog
1183,Dog
1184,Dog
1185,Dog
1186,Dog
1187,Dog
1188,Dog
1189,Cat
119,Dog
1190,Cat
1191,Cat
1192,Dog
1193,Dog
1194,Dog
1195,Dog
1196,Cat
1197,Cat
1198,Dog
1199,Dog
12,Cat
120,Cat
1200,Dog
1201,Cat
1202,Cat
1203,Cat
1204,Cat
1205,Cat
1206,Cat
1207,Cat
1208,Cat
1209,Cat
121,Dog
1210,Cat
1211,Cat
1212,Cat
1213,Dog
1214,Dog
1215,Dog
1216,Cat
1217,Cat
1218,Cat
1219,Dog
122,Dog
1220,Dog
1221,Dog
1222,Dog
1223,Dog
1224,Cat
1225,Cat
1226,Cat
1227,Cat
1228,Cat
1229,Dog
123,Cat
1230,Dog
1231,Dog
1232,Cat
1233,Cat
1234,Cat
1235,Cat
1236,Cat
1237,Dog
1238,Dog
1239,Cat
124,Dog
1240,Dog
1241,Dog
1242,Cat
1243,Cat
1244,Cat
1245,Cat
1246,Dog
1247,Cat
1248,Dog
1249,Dog
125,Dog
1250,Dog
1251,Dog
1252,Cat
1253,Dog
1254,Cat
1255,Cat
1256,Cat
1257,Cat
1258,Cat
1259,Cat
126,Dog
1260,Dog
1261,Cat
1262,Dog
1263,Dog
1264,Dog
1265,Dog
1266,Cat
1267,Cat
1268,Dog
1269,Cat
127,Cat
1270,Cat
1271,Cat
1272,Cat
1273,Dog
1274,Cat
1275,Dog
1276,Cat
1277,Cat
1278,Cat
1279,Cat
128,Dog
1280,Dog
1281,Dog
1282,Cat
1283,Cat
1284,Cat
1285,Cat
1286,Dog
1287,Cat
1288,Cat
1289,Dog
129,Dog
1290,Cat
1291,Cat
1292,Cat
1293,Dog
1294,Cat
1295,Dog
1296,Cat
1297,Dog
1298,Cat
1299,Cat
13,Cat
130,Cat
1300,Dog
1301,Dog
1302,Dog
1303,Dog
1304,Dog
1305,Cat
1306,Cat
1307,Dog
1308,Cat
1309,Cat
131,Cat
1310,Dog
1311,Dog
1312,Cat
1313,Cat
1314,Dog
1315,Dog
1316,Cat
1317,Dog
1318,Dog
1319,Cat
132,Dog
1320,Dog
1321,Cat
1322,Cat
1323,Cat
1324,Dog
1325,Cat
1326,Dog
1327,Dog
1328,Dog
1329,Dog
133,Dog
1330,Cat
1331,Dog
1332,Cat
1333,Cat
1334,Dog
1335,Dog
1336,Cat
1337,Dog
1338,Dog
1339,Dog
134,Cat
1340,Dog
1341,Cat
1342,Cat
1343,Dog
1344,Cat
1345,Cat
1346,Cat
1347,Dog
1348,Cat
1349,Dog
135,Dog
1350,Cat
1351,Dog
1352,Cat
1353,Dog
1354,Dog
1355,Cat
1356,Dog
1357,Cat
1358,Dog
1359,Dog
136,Cat
1360,Cat
1361,Dog
1362,Dog
1363,Cat
1364,Cat
1365,Cat
1366,Dog
1367,Cat
1368,Dog
1369,Dog
137,Dog
1370,Dog
1371,Cat
1372,Dog
1373,Cat
1374,Cat
1375,Cat
1376,Cat
1377,Dog
1378,Dog
1379,Cat
138,Cat
1380,Cat
1381,Cat
1382,Cat
1383,Cat
1384,Dog
1385,Cat
1386,Cat
1387,Cat
1388,Cat
1389,Cat
139,Dog
1390,Dog
1391,Dog
1392,Cat
1393,Dog
1394,Cat
1395,Cat
1396,Dog
1397,Cat
1398,Dog
1399,Cat
14,Dog
140,Dog
1400,Dog
1401,Dog
1402,Dog
1403,Cat
1404,Cat
1405,Dog
1406,Cat
1407,Cat
1408,Cat
1409,Cat
141,Dog
1410,Cat
1411,Cat
1412,Dog
1413,Cat
1414,Dog
1415,Dog
1416,Dog
1417,Cat
1418,Dog
1419,Dog
142,Dog
1420,Cat
1421,Dog
1422,Cat
1423,Cat
1424,Dog
1425,Dog
1426,Cat
1427,Cat
1428,Dog
1429,Dog
143,Cat
1430,Cat
1431,Dog
1432,Dog
1433,Cat
1434,Dog
1435,Dog
1436,Dog
1437,Cat
1438,Cat
1439,Dog
144,Cat
1440,Cat
1441,Cat
1442,Cat
1443,Cat
1444,Cat
1445,Cat
1446,Dog
1447,Dog
1448,Cat
1449,Cat
145,Cat
1450,Dog
1451,Cat
1452,Dog
1453,Cat
1454,Cat
1455,Cat
1456,Dog
1457,Cat
1458,Cat
1459,Cat
146,Cat
1460,Cat
1461,Cat
1462,Cat
1463,Dog
1464,Cat
1465,Cat
1466,Cat
1467,Dog
1468,Cat
1469,Cat
147,Cat
1470,Cat
1471,Cat
1472,Cat
1473,Cat
1474,Cat
1475,Dog
1476,Cat
1477,Cat
1478,Dog
1479,Dog
148,Cat
1480,Dog
1481,Cat
1482,Cat
1483,Cat
1484,Cat
1485,Dog
1486,Cat
1487,Cat
1488,Dog
1489,Cat
149,Cat
1490,Dog
1491,Cat
1492,Cat
1493,Cat
1494,Dog
1495,Cat
1496,Dog
1497,Cat
1498,Dog
1499,Cat
15,Cat
150,Dog
1500,Dog
1501,Cat
1502,Cat
1503,Dog
1504,Dog
1505,Cat
1506,Dog
1507,Cat
1508,Cat
1509,Dog
151,Dog
1510,Dog
1511,Dog
1512,Cat
1513,Cat
1514,Dog
1515,Cat
1516,Dog
1517,Dog
1518,Dog
1519,Cat
152,Cat
1520,Cat
1521,Dog
1522,Cat
1523,Cat
1524,Cat
1525,Dog
1526,Dog
1527,Cat
1528,Cat
1529,Cat
153,Dog
1530,Cat
1531,Dog
1532,Cat
1533,Dog
1534,Cat
1535,Dog
1536,Cat
1537,Dog
1538,Cat
1539,Dog
154,Cat
1540,Dog
1541,Cat
1542,Cat
1543,Cat
1544,Dog
1545,Cat
1546,Dog
1547,Cat
1548,Dog
1549,Cat
155,Cat
1550,Dog
1551,Cat
1552,Cat
1553,Cat
1554,Dog
1555,Cat
1556,Cat
1557,Dog
1558,Dog
1559,Dog
156,Dog
1560,Cat
1561,Cat
1562,Dog
1563,Cat
1564,Dog
1565,Dog
1566,Dog
1567,Dog
1568,Dog
1569,Cat
157,Dog
1570,Cat
1571,Cat
1572,Cat
1573,Dog
1574,Cat
1575,Cat
1576,Cat
1577,Cat
1578,Cat
1579,Cat
158,Cat
1580,Dog
1581,Cat
1582,Cat
1583,Cat
1584,Dog
1585,Cat
1586,Dog
1587,Dog
1588,Cat
1589,Dog
159,Dog
1590,Cat
1591,Cat
1592,Dog
1593,Dog
1594,Dog
1595,Cat
1596,Cat
1597,Cat
1598,Dog
1599,Cat
16,Dog
160,Dog
1600,Dog
1601,Dog
1602,Cat
1603,Cat
1604,Cat
1605,Cat
1606,Dog
1607,Dog
1608,Cat
1609,Cat
161,Dog
1610,Dog
1611,Cat
1612,Cat
1613,Cat
1614,Dog
1615,Cat
1616,Dog
1617,Dog
1618,Cat
1619,Cat
162,Cat
1620,Dog
1621,Dog
1622,Cat
1623,Dog
1624,Cat
1625,Cat
1626,Dog
1627,Cat
1628,Dog
1629,Cat
163,Cat
1630,Cat
1631,Cat
1632,Cat
1633,Cat
1634,Dog
1635,Cat
1636,Dog
1637,Dog
1638,Cat
1639,Dog
164,Dog
1640,Cat
1641,Cat
1642,Dog
1643,Cat
1644,Cat
1645,Cat
1646,Dog
1647,Dog
1648,Cat
1649,Dog
165,Dog
1650,Cat
1651,Cat
1652,Cat
1653,Cat
1654,Cat
1655,Cat
1656,Cat
1657,Dog
1658,Dog
1659,Dog
166,Cat
1660,Cat
1661,Dog
1662,Cat
1663,Cat
1664,Dog
1665,Dog
1666,Dog
1667,Dog
1668,Cat
1669,Dog
167,Cat
1670,Dog
1671,Cat
1672,Cat
1673,Cat
1674,Cat
1675,Cat
1676,Dog
1677,Dog
1678,Dog
1679,Cat
168,Cat
1680,Dog
1681,Cat
1682,Dog
1683,Cat
1684,Dog
1685,Dog
1686,Cat
1687,Cat
1688,Cat
1689,Dog
169,Cat
1690,Dog
1691,Dog
1692,Dog
1693,Dog
1694,Cat
1695,Dog
1696,Dog
1697,Dog
1698,Dog
1699,Cat
17,Cat
170,Dog
1700,Dog
1701,Cat
1702,Cat
1703,Cat
1704,Cat
1705,Cat
1706,Dog
1707,Cat
1708,Cat
1709,Dog
171,Cat
1710,Dog
1711,Dog
1712,Cat
1713,Dog
1714,Dog
1715,Dog
1716,Cat
1717,Cat
1718,Dog
1719,Cat
172,Cat
1720,Cat
1721,Dog
1722,Cat
1723,Dog
1724,Cat
1725,Cat
1726,Cat
1727,Cat
1728,Cat
1729,Cat
173,Dog
1730,Dog
1731,Cat
1732,Dog
1733,Dog
1734,Dog
1735,Cat
1736,Dog
1737,Dog
1738,Dog
1739,Dog
174,Dog
1740,Cat
1741,Cat
1742,Dog
1743,Cat
1744,Dog
1745,Cat
1746,Cat
1747,Cat
1748,Cat
1749,Cat
175,Cat
1750,Dog
1751,Cat
1752,Dog
1753,Dog
1754,Dog
1755,Dog
1756,Dog
1757,Dog
1758,Dog
1759,Cat
176,Dog
1760,Cat
1761,Cat
1762,Dog
1763,Dog
1764,Cat
1765,Cat
1766,Dog
1767,Cat
1768,Cat
1769,Dog
177,Dog
1770,Cat
1771,Cat
1772,Cat
1773,Dog
1774,Cat
1775,Cat
1776,Cat
1777,Dog
1778,Cat
1779,Cat
178,Cat
1780,Cat
1781,Dog
1782,Cat
1783,Dog
1784,Dog
1785,Cat
1786,Cat
1787,Dog
1788,Dog
1789,Cat
179,Dog
1790,Cat
1791,Dog
1792,Dog
1793,Cat
1794,Dog
1795,Dog
1796,Cat
1797,Cat
1798,Dog
1799,Cat
18,Cat
180,Cat
1800,Cat
1801,Cat
1802,Cat
1803,Dog
1804,Cat
1805,Dog
1806,Dog
1807,Cat
1808,Dog
1809,Dog
181,Cat
1810,Dog
1811,Cat
1812,Dog
1813,Dog
1814,Cat
1815,Dog
1816,Cat
1817,Cat
1818,Dog
1819,Cat
182,Cat
1820,Dog
1821,Dog
1822,Cat
1823,Dog
1824,Dog
1825,Dog
1826,Dog
1827,Cat
1828,Dog
1829,Cat
183,Cat
1830,Dog
1831,Dog
1832,Cat
1833,Dog
1834,Cat
1835,Dog
1836,Dog
1837,Cat
1838,Dog
1839,Cat
184,Dog
1840,Cat
1841,Cat
1842,Cat
1843,Dog
1844,Cat
1845,Dog
1846,Cat
1847,Cat
1848,Dog
1849,Dog
185,Cat
1850,Cat
1851,Cat
1852,Cat
1853,Dog
1854,Dog
1855,Cat
1856,Dog
1857,Dog
1858,Cat
1859,Dog
186,Dog
1860,Dog
1861,Dog
1862,Dog
1863,Dog
1864,Cat
1865,Cat
1866,Dog
1867,Cat
1868,Dog
1869,Cat
187,Cat
1870,Cat
1871,Cat
1872,Cat
1873,Dog
1874,Cat
1875,Dog
1876,Cat
1877,Dog
1878,Dog
1879,Cat
188,Cat
1880,Dog
1881,Dog
1882,Dog
1883,Dog
1884,Cat
1885,Dog
1886,Dog
1887,Cat
1888,Cat
1889,Cat
189,Cat
1890,Dog
1891,Dog
1892,Dog
1893,Dog
1894,Cat
1895,Cat
1896,Cat
1897,Dog
1898,Cat
1899,Cat
19,Dog
190,Cat
1900,Dog
1901,Cat
1902,Cat
1903,Cat
1904,Dog
1905,Dog
1906,Dog
1907,Cat
1908,Dog
1909,Dog
191,Cat
1910,Dog
1911,Dog
1912,Dog
1913,Dog
1914,Cat
1915,Cat
1916,Cat
1917,Dog
1918,Cat
1919,Cat
192,Cat
1920,Cat
1921,Cat
1922,Dog
1923,Cat
1924,Dog
1925,Cat
1926,Dog
1927,Cat
1928,Cat
1929,Dog
193,Dog
1930,Dog
1931,Cat
1932,Cat
1933,Cat
1934,Cat
1935,Dog
1936,Cat
1937,Dog
1938,Dog
1939,Cat
194,Dog
1940,Cat
1941,Dog
1942,Cat
1943,Dog
1944,Cat
1945,Cat
1946,Cat
1947,Dog
1948,Cat
1949,Cat
195,Dog
1950,Cat
1951,Cat
1952,Cat
1953,Dog
1954,Dog
1955,Cat
1956,Cat
1957,Dog
1958,Cat
1959,Dog
196,Cat
1960,Dog
1961,Dog
1962,Cat
1963,Cat
1964,Cat
1965,Cat
1966,Dog
1967,Dog
1968,Cat
1969,Cat
197,Cat
1970,Dog
1971,Dog
1972,Cat
1973,Dog
1974,Dog
1975,Dog
1976,Cat
1977,Cat
1978,Dog
1979,Cat
198,Dog
1980,Dog
1981,Dog
1982,Dog
1983,Cat
1984,Cat
1985,Dog
1986,Cat
1987,Cat
1988,Cat
1989,Dog
199,Cat
1990,Dog
1991,Dog
1992,Dog
1993,Dog
1994,Cat
1995,Dog
1996,Cat
1997,Dog
1998,Cat
1999,Cat
2,Dog
20,Dog
200,Dog
2000,Dog
2001,Cat
2002,Dog
2003,Dog
2004,Dog
2005,Cat
2006,Dog
2007,Dog
2008,Cat
2009,Cat
201,Dog
2010,Cat
2011,Dog
2012,Dog
2013,Cat
2014,Dog
2015,Dog
2016,Dog
2017,Dog
2018,Dog
2019,Dog
202,Cat
2020,Cat
2021,Dog
2022,Dog
2023,Dog
2024,Dog
2025,Dog
2026,Dog
2027,Cat
2028,Dog
2029,Dog
203,Cat
2030,Cat
2031,Dog
2032,Cat
2033,Cat
2034,Dog
2035,Dog
2036,Dog
2037,Dog
2038,Cat
2039,Cat
204,Dog
2040,Cat
2041,Cat
2042,Dog
2043,Cat
2044,Dog
2045,Cat
2046,Dog
2047,Cat
2048,Dog
2049,Dog
205,Dog
2050,Cat
2051,Cat
2052,Cat
2053,Dog
2054,Dog
2055,Cat
2056,Dog
2057,Cat
2058,Dog
2059,Cat
206,Cat
2060,Dog
2061,Dog
2062,Dog
2063,Dog
2064,Cat
2065,Cat
2066,Dog
2067,Cat
2068,Cat
2069,Dog
207,Dog
2070,Cat
2071,Cat
2072,Dog
2073,Dog
2074,Cat
2075,Cat
2076,Dog
2077,Dog
2078,Dog
2079,Cat
208,Cat
2080,Cat
2081,Cat
2082,Cat
2083,Cat
2084,Dog
2085,Cat
2086,Dog
2087,Cat
2088,Cat
2089,Cat
209,Cat
2090,Cat
2091,Dog
2092,Dog
2093,Cat
2094,Cat
2095,Cat
2096,Cat
2097,Dog
2098,Cat
2099,Cat
21,Cat
210,Cat
2100,Cat
2101,Dog
2102,Dog
2103,Cat
2104,Dog
2105,Cat
2106,Cat
2107,Dog
2108,Cat
2109,Cat
211,Cat
2110,Cat
2111,Dog
2112,Cat
2113,Dog
2114,Dog
2115,Dog
2116,Dog
2117,Cat
2118,Cat
2119,Cat
212,Cat
2120,Dog
2121,Dog
2122,Cat
2123,Dog
2124,Dog
2125,Cat
2126,Dog
2127,Cat
2128,Dog
2129,Dog
213,Dog
2130,Dog
2131,Dog
2132,Dog
2133,Dog
2134,Dog
2135,Dog
2136,Cat
2137,Cat
2138,Dog
2139,Cat
214,Dog
2140,Cat
2141,Cat
2142,Cat
2143,Cat
2144,Cat
2145,Cat
2146,Cat
2147,Cat
2148,Dog
2149,Cat
215,Cat
2150,Dog
2151,Dog
2152,Dog
2153,Cat
2154,Dog
2155,Dog
2156,Dog
2157,Cat
2158,Dog
2159,Cat
216,Cat
2160,Dog
2161,Cat
2162,Dog
2163,Cat
2164,Cat
2165,Dog
2166,Dog
2167,Cat
2168,Dog
2169,Cat
217,Dog
2170,Cat
2171,Dog
2172,Cat
2173,Dog
2174,Dog
2175,Cat
2176,Dog
2177,Dog
2178,Dog
2179,Dog
218,Dog
2180,Cat
2181,Cat
2182,Dog
2183,Cat
2184,Cat
2185,Cat
2186,Dog
2187,Dog
2188,Cat
2189,Dog
219,Dog
2190,Dog
2191,Dog
2192,Dog
2193,Dog
2194,Dog
2195,Dog
2196,Dog
2197,Dog
2198,Cat
2199,Dog
22,Dog
220,Cat
2200,Dog
2201,Dog
2202,Dog
2203,Cat
2204,Cat
2205,Cat
2206,Dog
2207,Dog
2208,Cat
2209,Cat
221,Cat
2210,Dog
2211,Cat
2212,Dog
2213,Dog
2214,Dog
2215,Dog
2216,Cat
2217,Cat
2218,Dog
2219,Cat
222,Cat
2220,Dog
2221,Dog
2222,Dog
2223,Cat
2224,Dog
2225,Dog
2226,Cat
2227,Cat
2228,Cat
2229,Cat
223,Dog
2230,Cat
2231,Cat
2232,Cat
2233,Dog
2234,Dog
2235,Cat
2236,Dog
2237,Cat
2238,Dog
2239,Dog
224,Cat
2240,Cat
2241,Dog
2242,Dog
2243,Cat
2244,Dog
2245,Cat
2246,Dog
2247,Cat
2248,Dog
2249,Cat
225,Dog
2250,Cat
2251,Dog
2252,Dog
2253,Cat
2254,Cat
2255,Cat
2256,Cat
2257,Cat
2258,Dog
2259,Dog
226,Dog
2260,Dog
2261,Cat
2262,Cat
2263,Cat
2264,Cat
2265,Dog
2266,Cat
2267,Cat
2268,Dog
2269,Dog
227,Dog
2270,Cat
2271,Dog
2272,Cat
2273,Dog
2274,Cat
2275,Dog
2276,Dog
2277,Cat
2278,Cat
2279,Cat
228,Cat
2280,Dog
2281,Dog
2282,Cat
2283,Cat
2284,Cat
2285,Cat
2286,Dog
2287,Dog
2288,Cat
2289,Dog
229,Dog
2290,Dog
2291,Cat
2292,Cat
2293,Dog
2294,Cat
2295,Dog
2296,Cat
2297,Cat
2298,Dog
2299,Cat
23,Cat
230,Cat
2300,Dog
2301,Cat
2302,Dog
2303,Cat
2304,Cat
2305,Cat
2306,Dog
2307,Cat
2308,Dog
2309,Cat
231,Cat
2310,Cat
2311,Cat
2312,Dog
2313,Dog
2314,Dog
2315,Dog
2316,Dog
2317,Dog
2318,Dog
2319,Cat
232,Dog
2320,Cat
2321,Cat
2322,Cat
2323,Cat
2324,Cat
2325,Cat
2326,Dog
2327,Dog
2328,Dog
2329,Dog
233,Dog
2330,Cat
2331,Cat
2332,Dog
2333,Dog
2334,Dog
2335,Dog
2336,Cat
2337,Cat
2338,Cat
2339,Dog
234,Cat
2340,Cat
2341,Dog
2342,Dog
2343,Cat
2344,Cat
2345,Cat
2346,Cat
2347,Dog
2348,Dog
2349,Cat
235,Cat
2350,Cat
2351,Cat
2352,Cat
2353,Dog
2354,Cat
2355,Cat
2356,Dog
2357,Cat
2358,Cat
2359,Cat
236,Cat
2360,Dog
2361,Dog
2362,Cat
2363,Cat
2364,Cat
2365,Dog
2366,Cat
2367,Cat
2368,Cat
2369,Cat
237,Cat
2370,Dog
2371,Cat
2372,Dog
2373,Cat
2374,Dog
2375,Dog
2376,Dog
2377,Dog
2378,Cat
2379,Cat
238,Dog
2380,Dog
2381,Dog
2382,Cat
2383,Cat
2384,Cat
2385,Cat
2386,Cat
2387,Cat
2388,Cat
2389,Dog
239,Cat
2390,Dog
2391,Dog
2392,Dog
2393,Dog
2394,Dog
2395,Cat
2396,Cat
2397,Dog
2398,Cat
2399,Dog
24,Dog
240,Dog
2400,Cat
2401,Cat
2402,Dog
2403,Dog
2404,Cat
2405,Cat
2406,Cat
2407,Cat
2408,Cat
2409,Cat
241,Cat
2410,Cat
2411,Dog
2412,Cat
2413,Dog
2414,Dog
2415,Cat
2416,Dog
2417,Cat
2418,Dog
2419,Cat
242,Cat
2420,Dog
2421,Cat
2422,Dog
2423,Cat
2424,Cat
2425,Cat
2426,Dog
2427,Dog
2428,Dog
2429,Dog
243,Cat
2430,Cat
2431,Cat
2432,Cat
2433,Dog
2434,Cat
2435,Dog
2436,Cat
2437,Dog
2438,Cat
2439,Cat
244,Dog
2440,Dog
2441,Dog
2442,Dog
2443,Cat
2444,Dog
2445,Dog
2446,Cat
2447,Cat
2448,Cat
2449,Cat
245,Dog
2450,Dog
2451,Cat
2452,Cat
2453,Cat
2454,Cat
2455,Dog
2456,Cat
2457,Cat
2458,Dog
2459,Cat
246,Cat
2460,Cat
2461,Dog
2462,Dog
2463,Cat
2464,Cat
2465,Dog
2466,Cat
2467,Cat
2468,Dog
2469,Dog
247,Cat
2470,Dog
2471,Cat
2472,Cat
2473,Cat
2474,Cat
2475,Dog
2476,Cat
2477,Cat
2478,Cat
2479,Cat
248,Cat
2480,Cat
2481,Cat
2482,Cat
2483,Cat
2484,Cat
2485,Cat
2486,Dog
2487,Cat
2488,Cat
2489,Cat
249,Dog
2490,Cat
2491,Cat
2492,Dog
2493,Dog
2494,Cat
2495,Dog
2496,Dog
2497,Dog
2498,Dog
2499,Cat
25,Dog
250,Cat
2500,Cat
2501,Cat
2502,Cat
2503,Cat
2504,Cat
2505,Cat
2506,Cat
2507,Dog
2508,Cat
2509,Dog
251,Dog
2510,Cat
2511,Dog
2512,Cat
2513,Cat
2514,Cat
2515,Cat
2516,Dog
2517,Cat
2518,Dog
2519,Dog
252,Cat
2520,Dog
2521,Dog
2522,Dog
2523,Dog
2524,Cat
2525,Dog
2526,Dog
2527,Cat
2528,Dog
2529,Cat
253,Cat
2530,Dog
2531,Cat
2532,Cat
2533,Dog
2534,Cat
2535,Cat
2536,Cat
2537,Dog
2538,Dog
2539,Cat
254,Cat
2540,Dog
2541,Dog
2542,Cat
2543,Dog
2544,Cat
2545,Dog
2546,Dog
2547,Dog
2548,Cat
2549,Cat
255,Dog
2550,Cat
2551,Cat
2552,Cat
2553,Dog
2554,Dog
2555,Dog
2556,Dog
2557,Cat
2558,Cat
2559,Cat
256,Cat
2560,Cat
2561,Dog
2562,Cat
2563,Cat
2564,Cat
2565,Cat
2566,Cat
2567,Cat
2568,Dog
2569,Dog
257,Cat
2570,Cat
2571,Cat
2572,Dog
2573,Cat
2574,Dog
2575,Cat
2576,Dog
2577,Dog
2578,Dog
2579,Cat
258,Cat
2580,Dog
2581,Cat
2582,Cat
2583,Cat
2584,Dog
2585,Dog
2586,Dog
2587,Dog
2588,Dog
2589,Dog
259,Dog
2590,Cat
2591,Dog
2592,Dog
2593,Dog
2594,Dog
2595,Cat
2596,Cat
2597,Dog
2598,Cat
2599,Cat
26,Dog
260,Dog
2600,Cat
2601,Cat
2602,Dog
2603,Cat
2604,Cat
2605,Cat
2606,Cat
2607,Cat
2608,Dog
2609,Dog
261,Dog
2610,Cat
2611,Cat
2612,Cat
2613,Dog
2614,Dog
2615,Cat
2616,Dog
2617,Cat
2618,Cat
2619,Cat
262,Cat
2620,Cat
2621,Cat
2622,Cat
2623,Cat
2624,Dog
2625,Cat
2626,Dog
2627,Dog
2628,Cat
2629,Dog
263,Cat
2630,Cat
2631,Dog
2632,Cat
2633,Cat
2634,Dog
2635,Cat
2636,Dog
2637,Cat
2638,Cat
2639,Dog
264,Cat
2640,Cat
2641,Dog
2642,Cat
2643,Dog
2644,Dog
2645,Cat
2646,Cat
2647,Cat
2648,Cat
2649,Cat
265,Cat
2650,Dog
2651,Dog
2652,Dog
2653,Dog
2654,Dog
2655,Dog
2656,Dog
2657,Dog
2658,Dog
2659,Dog
266,Cat
2660,Dog
2661,Dog
2662,Dog
2663,Dog
2664,Dog
2665,Dog
2666,Dog
2667,Cat
2668,Dog
2669,Dog
267,Cat
2670,Dog
2671,Cat
2672,Cat
2673,Dog
2674,Dog
2675,Dog
2676,Dog
2677,Dog
2678,Dog
2679,Dog
268,Dog
2680,Dog
2681,Cat
2682,Cat
2683,Cat
2684,Cat
2685,Cat
2686,Cat
2687,Cat
2688,Cat
2689,Dog
269,Dog
2690,Cat
2691,Dog
2692,Dog
2693,Dog
2694,Dog
2695,Dog
2696,Dog
2697,Dog
2698,Dog
2699,Dog
27,Cat
270,Cat
2700,Cat
2701,Cat
2702,Cat
2703,Dog
2704,Dog
2705,Cat
2706,Dog
2707,Dog
2708,Cat
2709,Dog
271,Cat
2710,Cat
2711,Dog
2712,Cat
2713,Dog
2714,Dog
2715,Dog
2716,Cat
2717,Cat
2718,Dog
2719,Dog
272,Cat
2720,Dog
2721,Dog
2722,Cat
2723,Dog
2724,Cat
2725,Dog
2726,Cat
2727,Dog
2728,Cat
2729,Dog
273,Dog
2730,Cat
2731,Dog
2732,Dog
2733,Cat
2734,Dog
2735,Dog
2736,Dog
2737,Dog
2738,Cat
2739,Dog
274,Dog
2740,Cat
2741,Dog
2742,Cat
2743,Dog
2744,Cat
2745,Cat
2746,Dog
2747,Dog
2748,Cat
2749,Dog
275,Dog
2750,Cat
2751,Cat
2752,Cat
2753,Cat
2754,Dog
2755,Cat
2756,Cat
2757,Cat
2758,Dog
2759,Cat
276,Cat
2760,Cat
2761,Dog
2762,Dog
2763,Cat
2764,Dog
2765,Cat
2766,Dog
2767,Dog
2768,Cat
2769,Cat
277,Dog
2770,Dog
2771,Dog
2772,Dog
2773,Dog
2774,Dog
2775,Cat
2776,Cat
2777,Cat
2778,Cat
2779,Dog
278,Dog
2780,Dog
2781,Cat
2782,Cat
2783,Dog
2784,Dog
2785,Dog
2786,Dog
2787,Dog
2788,Cat
2789,Dog
279,Cat
2790,Cat
2791,Cat
2792,Dog
2793,Cat
2794,Cat
2795,Dog
2796,Cat
2797,Cat
2798,Dog
2799,Cat
28,Cat
280,Cat
2800,Dog
2801,Dog
2802,Cat
2803,Dog
2804,Dog
2805,Dog
2806,Cat
2807,Cat
2808,Dog
2809,Cat
281,Cat
2810,Cat
2811,Dog
2812,Dog
2813,Dog
2814,Cat
2815,Dog
2816,Cat
2817,Cat
2818,Cat
2819,Cat
282,Cat
2820,Dog
2821,Cat
2822,Dog
2823,Dog
2824,Cat
2825,Dog
2826,Cat
2827,Dog
2828,Cat
2829,Dog
283,Cat
2830,Dog
2831,Dog
2832,Cat
2833,Dog
2834,Cat
2835,Dog
2836,Dog
2837,Dog
2838,Dog
2839,Cat
284,Dog
2840,Cat
2841,Dog
2842,Cat
2843,Cat
2844,Cat
2845,Cat
2846,Cat
2847,Cat
2848,Dog
2849,Cat
285,Cat
2850,Cat
2851,Cat
2852,Dog
2853,Dog
2854,Dog
2855,Dog
2856,Cat
2857,Cat
2858,Cat
2859,Dog
286,Dog
2860,Dog
2861,Cat
2862,Cat
2863,Dog
2864,Cat
2865,Cat
2866,Dog
2867,Dog
2868,Cat
2869,Dog
287,Cat
2870,Cat
2871,Dog
2872,Cat
2873,Dog
2874,Cat
2875,Cat
2876,Dog
2877,Cat
2878,Cat
2879,Cat
288,Cat
2880,Cat
2881,Dog
2882,Cat
2883,Dog
2884,Cat
2885,Cat
2886,Dog
2887,Cat
2888,Cat
2889,Cat
289,Cat
2890,Cat
2891,Dog
2892,Dog
2893,Dog
2894,Dog
2895,Dog
2896,Dog
2897,Dog
2898,Cat
2899,Dog
29,Dog
290,Cat
2900,Cat
2901,Cat
2902,Dog
2903,Dog
2904,Dog
2905,Cat
2906,Cat
2907,Dog
2908,Cat
2909,Cat
291,Dog
2910,Dog
2911,Cat
2912,Cat
2913,Cat
2914,Cat
2915,Cat
2916,Cat
2917,Cat
2918,Dog
2919,Cat
292,Cat
2920,Dog
2921,Dog
2922,Dog
2923,Dog
2924,Dog
2925,Dog
2926,Cat
2927,Dog
2928,Cat
2929,Cat
293,Dog
2930,Cat
2931,Dog
2932,Dog
2933,Cat
2934,Dog
2935,Cat
2936,Cat
2937,Cat
2938,Cat
2939,Dog
294,Cat
2940,Cat
2941,Cat
2942,Dog
2943,Dog
2944,Dog
2945,Dog
2946,Dog
2947,Dog
2948,Cat
2949,Dog
295,Cat
2950,Dog
2951,Dog
2952,Dog
2953,Cat
2954,Dog
2955,Cat
2956,Cat
2957,Dog
2958,Dog
2959,Cat
296,Dog
2960,Cat
2961,Cat
2962,Dog
2963,Dog
2964,Cat
2965,Cat
2966,Dog
2967,Dog
2968,Dog
2969,Dog
297,Dog
2970,Cat
2971,Cat
2972,Cat
2973,Cat
2974,Dog
2975,Cat
2976,Cat
2977,Dog
2978,Cat
2979,Cat
298,Cat
2980,Cat
2981,Dog
2982,Cat
2983,Cat
2984,Cat
2985,Dog
2986,Dog
2987,Cat
2988,Dog
2989,Cat
299,Dog
2990,Dog
2991,Dog
2992,Cat
2993,Dog
2994,Dog
2995,Dog
2996,Cat
2997,Cat
2998,Dog
2999,Cat
3,Cat
30,Cat
300,Cat
3000,Cat
3001,Cat
3002,Dog
3003,Dog
3004,Cat
3005,Cat
3006,Cat
3007,Cat
3008,Cat
3009,Cat
301,Cat
3010,Cat
3011,Cat
3012,Cat
3013,Cat
3014,Cat
3015,Dog
3016,Dog
3017,Cat
3018,Cat
3019,Dog
302,Dog
3020,Cat
3021,Dog
3022,Cat
3023,Cat
3024,Cat
3025,Dog
3026,Dog
3027,Cat
3028,Dog
3029,Dog
303,Cat
3030,Dog
3031,Dog
3032,Dog
3033,Cat
3034,Cat
3035,Dog
3036,Dog
3037,Dog
3038,Cat
3039,Dog
304,Cat
3040,Cat
3041,Cat
3042,Cat
3043,Cat
3044,Dog
3045,Cat
3046,Dog
3047,Cat
3048,Dog
3049,Dog
305,Cat
3050,Cat
3051,Cat
3052,Dog
3053,Dog
3054,Dog
3055,Dog
3056,Dog
3057,Dog
3058,Cat
3059,Dog
306,Dog
3060,Cat
3061,Dog
3062,Dog
3063,Dog
3064,Dog
3065,Dog
3066,Cat
3067,Cat
3068,Cat
3069,Dog
307,Cat
3070,Dog
3071,Dog
3072,Cat
3073,Cat
3074,Dog
3075,Cat
3076,Cat
3077,Cat
3078,Cat
3079,Dog
308,Cat
3080,Dog
3081,Cat
3082,Cat
3083,Dog
3084,Cat
3085,Dog
3086,Dog
3087,Dog
3088,Dog
3089,Dog
309,Cat
3090,Cat
3091,Cat
3092,Dog
3093,Cat
3094,Cat
3095,Dog
3096,Dog
3097,Dog
3098,Dog
3099,Dog
31,Dog
310,Dog
3100,Cat
3101,Dog
3102,Cat
3103,Dog
3104,Dog
3105,Cat
3106,Cat
3107,Dog
3108,Dog
3109,Dog
311,Cat
3110,Dog
3111,Dog
3112,Cat
3113,Dog
3114,Cat
3115,Dog
3116,Dog
3117,Cat
3118,Dog
3119,Dog
312,Dog
3120,Cat
3121,Cat
3122,Dog
3123,Dog
3124,Dog
3125,Dog
3126,Dog
3127,Cat
3128,Cat
3129,Dog
313,Dog
3130,Dog
3131,Cat
3132,Cat
3133,Cat
3134,Dog
3135,Dog
3136,Dog
3137,Cat
3138,Dog
3139,Cat
314,Cat
3140,Dog
3141,Cat
3142,Dog
3143,Dog
3144,Dog
3145,Dog
3146,Cat
3147,Dog
3148,Dog
3149,Dog
315,Dog
3150,Dog
3151,Dog
3152,Cat
3153,Cat
3154,Dog
3155,Cat
3156,Dog
3157,Dog
3158,Dog
3159,Cat
316,Cat
3160,Cat
3161,Cat
3162,Dog
3163,Cat
3164,Dog
3165,Dog
3166,Cat
3167,Cat
3168,Dog
3169,Dog
317,Cat
3170,Dog
3171,Cat
3172,Cat
3173,Dog
3174,Cat
3175,Cat
3176,Cat
3177,Dog
3178,Dog
3179,Cat
318,Dog
3180,Cat
3181,Dog
3182,Dog
3183,Cat
3184,Cat
3185,Dog
3186,Dog
3187,Cat
3188,Cat
3189,Dog
319,Cat
3190,Cat
3191,Dog
3192,Dog
3193,Dog
3194,Cat
3195,Cat
3196,Dog
3197,Cat
3198,Dog
3199,Cat
32,Cat
320,Cat
3200,Cat
3201,Dog
3202,Cat
3203,Dog
3204,Cat
3205,Cat
3206,Cat
3207,Dog
3208,Cat
3209,Dog
321,Dog
3210,Dog
3211,Dog
3212,Dog
3213,Cat
3214,Dog
3215,Dog
3216,Cat
3217,Dog
3218,Dog
3219,Cat
322,Dog
3220,Dog
3221,Dog
3222,Dog
3223,Cat
3224,Cat
3225,Cat
3226,Cat
3227,Dog
3228,Cat
3229,Dog
323,Cat
3230,Dog
3231,Dog
3232,Cat
3233,Cat
3234,Dog
3235,Cat
3236,Dog
3237,Dog
3238,Dog
3239,Cat
324,Dog
3240,Dog
3241,Dog
3242,Cat
3243,Dog
3244,Dog
3245,Cat
3246,Cat
3247,Cat
3248,Dog
3249,Cat
325,Cat
3250,Dog
3251,Cat
3252,Cat
3253,Cat
3254,Cat
3255,Dog
3256,Dog
3257,Cat
3258,Cat
3259,Dog
326,Dog
3260,Dog
3261,Dog
3262,Cat
3263,Cat
3264,Cat
3265,Cat
3266,Cat
3267,Cat
3268,Dog
3269,Dog
327,Dog
3270,Dog
3271,Dog
3272,Dog
3273,Cat
3274,Cat
3275,Dog
3276,Cat
3277,Cat
3278,Cat
3279,Dog
328,Cat
3280,Cat
3281,Dog
3282,Dog
3283,Dog
3284,Cat
3285,Dog
3286,Dog
3287,Dog
3288,Cat
3289,Cat
329,Dog
3290,Dog
3291,Cat
3292,Dog
3293,Dog
3294,Cat
3295,Cat
3296,Cat
3297,Cat
3298,Cat
3299,Dog
33,Cat
330,Dog
3300,Dog
3301,Cat
3302,Dog
3303,Dog
3304,Cat
3305,Cat
3306,Cat
3307,Cat
3308,Dog
3309,Dog
331,Cat
3310,Cat
3311,Cat
3312,Dog
3313,Dog
3314,Cat
3315,Dog
3316,Cat
3317,Dog
3318,Dog
3319,Cat
332,Dog
3320,Cat
3321,Cat
3322,Cat
3323,Dog
3324,Cat
3325,Cat
3326,Dog
3327,Cat
3328,Cat
3329,Cat
333,Cat
3330,Dog
3331,Cat
3332,Cat
3333,Cat
3334,Cat
3335,Cat
3336,Dog
3337,Cat
3338,Dog
3339,Cat
334,Cat
3340,Dog
3341,Dog
3342,Cat
3343,Dog
3344,Cat
3345,Dog
3346,Dog
3347,Cat
3348,Cat
3349,Dog
335,Cat
3350,Cat
3351,Dog
3352,Cat
3353,Dog
3354,Cat
3355,Cat
3356,Dog
3357,Dog
3358,Dog
3359,Dog
336,Dog
3360,Cat
3361,Dog
3362,Dog
3363,Cat
3364,Dog
3365,Cat
3366,Dog
3367,Cat
3368,Dog
3369,Dog
337,Dog
3370,Dog
3371,Cat
3372,Cat
3373,Cat
3374,Dog
3375,Cat
3376,Dog
3377,Cat
3378,Cat
3379,Cat
338,Cat
3380,Cat
3381,Dog
3382,Cat
3383,Dog
3384,Dog
3385,Cat
3386,Cat
3387,Dog
3388,Dog
3389,Dog
339,Cat
3390,Cat
3391,Cat
3392,Dog
3393,Dog
3394,Cat
3395,Cat
3396,Dog
3397,Cat
3398,Dog
3399,Cat
34,Dog
340,Cat
3400,Cat
3401,Dog
3402,Dog
3403,Cat
3404,Dog
3405,Cat
3406,Dog
3407,Dog
3408,Dog
3409,Cat
341,Cat
3410,Cat
3411,Dog
3412,Cat
3413,Dog
3414,Cat
3415,Cat
3416,Cat
3417,Cat
3418,Cat
3419,Dog
342,Cat
3420,Cat
3421,Cat
3422,Cat
3423,Cat
3424,Dog
3425,Dog
3426,Dog
3427,Cat
3428,Dog
3429,Cat
343,Dog
3430,Cat
3431,Dog
3432,Cat
3433,Dog
3434,Cat
3435,Cat
3436,Dog
3437,Cat
3438,Cat
3439,Cat
344,Dog
3440,Dog
3441,Cat
3442,Dog
3443,Dog
3444,Dog
3445,Cat
3446,Dog
3447,Dog
3448,Cat
3449,Dog
345,Cat
3450,Cat
3451,Dog
3452,Dog
3453,Cat
3454,Dog
3455,Cat
3456,Dog
3457,Cat
3458,Cat
3459,Cat
346,Cat
3460,Cat
3461,Dog
3462,Dog
3463,Cat
3464,Dog
3465,Dog
3466,Dog
3467,Cat
3468,Dog
3469,Cat
347,Cat
3470,Cat
3471,Cat
3472,Dog
3473,Cat
3474,Cat
3475,Dog
3476,Cat
3477,Dog
3478,Dog
3479,Dog
348,Cat
3480,Dog
3481,Cat
3482,Cat
3483,Dog
3484,Dog
3485,Cat
3486,Dog
3487,Dog
3488,Cat
3489,Cat
349,Cat
3490,Cat
3491,Dog
3492,Dog
3493,Cat
3494,Dog
3495,Cat
3496,Cat
3497,Cat
3498,Dog
3499,Dog
35,Cat
350,Cat
3500,Cat
3501,Cat
3502,Dog
3503,Cat
3504,Dog
3505,Dog
3506,Dog
3507,Cat
3508,Dog
3509,Dog
351,Cat
3510,Cat
3511,Cat
3512,Cat
3513,Cat
3514,Dog
3515,Cat
3516,Dog
3517,Cat
3518,Dog
3519,Cat
352,Cat
3520,Cat
3521,Cat
3522,Cat
3523,Cat
3524,Dog
3525,Cat
3526,Dog
3527,Dog
3528,Dog
3529,Cat
353,Dog
3530,Cat
3531,Cat
3532,Cat
3533,Cat
3534,Cat
3535,Cat
3536,Dog
3537,Cat
3538,Cat
3539,Cat
354,Cat
3540,Cat
3541,Cat
3542,Dog
3543,Cat
3544,Dog
3545,Cat
3546,Dog
3547,Cat
3548,Cat
3549,Dog
355,Cat
3550,Cat
3551,Dog
3552,Dog
3553,Dog
3554,Dog
3555,Dog
3556,Cat
3557,Dog
3558,Cat
3559,Dog
356,Dog
3560,Dog
3561,Dog
3562,Cat
3563,Cat
3564,Dog
3565,Cat
3566,Cat
3567,Cat
3568,Dog
3569,Cat
357,Cat
3570,Cat
3571,Cat
3572,Dog
3573,Cat
3574,Dog
3575,Dog
3576,Dog
3577,Cat
3578,Dog
3579,Dog
358,Cat
3580,Cat
3581,Cat
3582,Cat
3583,Dog
3584,Dog
3585,Cat
3586,Dog
3587,Cat
3588,Dog
3589,Dog
359,Cat
3590,Cat
3591,Dog
3592,Cat
3593,Cat
3594,Cat
3595,Dog
3596,Cat
3597,Cat
3598,Cat
3599,Dog
36,Cat
360,Cat
3600,Dog
3601,Cat
3602,Cat
3603,Dog
3604,Cat
3605,Dog
3606,Cat
3607,Cat
3608,Dog
3609,Dog
361,Cat
3610,Cat
3611,Dog
3612,Cat
3613,Cat
3614,Dog
3615,Cat
3616,Dog
3617,Cat
3618,Dog
3619,Dog
362,Cat
3620,Dog
3621,Cat
3622,Dog
3623,Dog
3624,Cat
3625,Cat
3626,Cat
3627,Dog
3628,Dog
3629,Dog
363,Dog
3630,Dog
3631,Cat
3632,Dog
3633,Cat
3634,Dog
3635,Cat
3636,Dog
3637,Cat
3638,Cat
3639,Dog
364,Dog
3640,Dog
3641,Dog
3642,Dog
3643,Dog
3644,Dog
3645,Dog
3646,Cat
3647,Cat
3648,Dog
3649,Cat
365,Dog
3650,Cat
3651,Dog
3652,Cat
3653,Cat
3654,Cat
3655,Cat
3656,Dog
3657,Dog
3658,Cat
3659,Dog
366,Cat
3660,Cat
3661,Cat
3662,Cat
3663,Dog
3664,Cat
3665,Dog
3666,Cat
3667,Cat
3668,Cat
3669,Dog
367,Cat
3670,Cat
3671,Dog
3672,Cat
3673,Cat
3674,Dog
3675,Cat
3676,Dog
3677,Cat
3678,Dog
3679,Dog
368,Dog
3680,Cat
3681,Cat
3682,Cat
3683,Cat
3684,Dog
3685,Cat
3686,Cat
3687,Dog
3688,Cat
3689,Dog
369,Cat
3690,Cat
3691,Cat
3692,Dog
3693,Cat
3694,Dog
3695,Cat
3696,Dog
3697,Cat
3698,Cat
3699,Dog
37,Cat
370,Dog
3700,Cat
3701,Cat
3702,Dog
3703,Cat
3704,Cat
3705,Dog
3706,Cat
3707,Cat
3708,Dog
3709,Dog
371,Dog
3710,Cat
3711,Dog
3712,Cat
3713,Cat
3714,Cat
3715,Dog
3716,Cat
3717,Dog
3718,Dog
3719,Dog
372,Cat
3720,Cat
3721,Dog
3722,Dog
3723,Cat
3724,Dog
3725,Cat
3726,Dog
3727,Cat
3728,Cat
3729,Cat
373,Dog
3730,Cat
3731,Dog
3732,Dog
3733,Dog
3734,Dog
3735,Dog
3736,Cat
3737,Dog
3738,Cat
3739,Cat
374,Cat
3740,Cat
3741,Cat
3742,Dog
3743,Dog
3744,Cat
3745,Cat
3746,Dog
3747,Dog
3748,Dog
3749,Dog
375,Cat
3750,Dog
3751,Dog
3752,Cat
3753,Cat
3754,Cat
3755,Dog
3756,Cat
3757,Cat
3758,Dog
3759,Cat
376,Cat
3760,Dog
3761,Dog
3762,Cat
3763,Dog
3764,Cat
3765,Dog
3766,Dog
3767,Dog
3768,Cat
3769,Cat
377,Dog
3770,Cat
3771,Cat
3772,Dog
3773,Cat
3774,Cat
3775,Cat
3776,Cat
3777,Cat
3778,Dog
3779,Cat
378,Cat
3780,Dog
3781,Dog
3782,Cat
3783,Cat
3784,Cat
3785,Cat
3786,Cat
3787,Dog
3788,Cat
3789,Dog
379,Cat
3790,Dog
3791,Cat
3792,Dog
3793,Dog
3794,Dog
3795,Cat
3796,Cat
3797,Dog
3798,Cat
3799,Cat
38,Dog
380,Dog
3800,Dog
3801,Cat
3802,Cat
3803,Cat
3804,Dog
3805,Cat
3806,Cat
3807,Cat
3808,Cat
3809,Dog
381,Cat
3810,Cat
3811,Dog
3812,Dog
3813,Dog
3814,Cat
3815,Dog
3816,Dog
3817,Dog
3818,Dog
3819,Cat
382,Cat
3820,Dog
3821,Cat
3822,Dog
3823,Cat
3824,Cat
3825,Cat
3826,Dog
3827,Dog
3828,Cat
3829,Dog
383,Dog
3830,Cat
3831,Cat
3832,Cat
3833,Dog
3834,Dog
3835,Dog
3836,Dog
3837,Cat
3838,Dog
3839,Cat
384,Cat
3840,Cat
3841,Cat
3842,Dog
3843,Cat
3844,Dog
3845,Dog
3846,Dog
3847,Cat
3848,Cat
3849,Dog
385,Cat
3850,Dog
3851,Cat
3852,Cat
3853,Cat
3854,Cat
3855,Cat
3856,Cat
3857,Cat
3858,Dog
3859,Cat
386,Dog
3860,Dog
3861,Cat
3862,Dog
3863,Dog
3864,Dog
3865,Cat
3866,Dog
3867,Dog
3868,Dog
3869,Dog
387,Cat
3870,Dog
3871,Dog
3872,Cat
3873,Dog
3874,Dog
3875,Dog
3876,Dog
3877,Cat
3878,Dog
3879,Cat
388,Cat
3880,Cat
3881,Dog
3882,Cat
3883,Cat
3884,Dog
3885,Cat
3886,Cat
3887,Cat
3888,Cat
3889,Dog
389,Cat
3890,Dog
3891,Cat
3892,Cat
3893,Cat
3894,Dog
3895,Cat
3896,Dog
3897,Cat
3898,Dog
3899,Cat
39,Cat
390,Dog
3900,Dog
3901,Dog
3902,Cat
3903,Cat
3904,Dog
3905,Cat
3906,Cat
3907,Cat
3908,Cat
3909,Dog
391,Dog
3910,Dog
3911,Dog
3912,Dog
3913,Dog
3914,Cat
3915,Cat
3916,Dog
3917,Cat
3918,Dog
3919,Dog
392,Cat
3920,Cat
3921,Cat
3922,Cat
3923,Cat
3924,Dog
3925,Dog
3926,Dog
3927,Cat
3928,Cat
3929,Cat
393,Cat
3930,Dog
3931,Cat
3932,Cat
3933,Cat
3934,Cat
3935,Cat
3936,Cat
3937,Cat
3938,Cat
3939,Cat
394,Dog
3940,Cat
3941,Dog
3942,Cat
3943,Dog
3944,Cat
3945,Cat
3946,Cat
3947,Cat
3948,Cat
3949,Cat
395,Dog
3950,Dog
3951,Dog
3952,Cat
3953,Dog
3954,Dog
3955,Cat
3956,Dog
3957,Cat
3958,Dog
3959,Dog
396,Dog
3960,Cat
3961,Cat
3962,Dog
3963,Dog
3964,Dog
3965,Cat
3966,Cat
3967,Cat
3968,Dog
3969,Dog
397,Cat
3970,Dog
3971,Dog
3972,Cat
3973,Cat
3974,Dog
3975,Cat
3976,Dog
3977,Dog
3978,Cat
3979,Cat
398,Cat
3980,Cat
3981,Cat
3982,Dog
3983,Cat
3984,Dog
3985,Cat
3986,Cat
3987,Dog
3988,Cat
3989,Cat
399,Cat
3990,Dog
3991,Dog
3992,Dog
3993,Dog
3994,Dog
3995,Cat
3996,Dog
3997,Dog
3998,Cat
3999,Dog
4,Dog
40,Cat
400,Dog
4000,Dog
4001,Cat
4002,Cat
4003,Cat
4004,Dog
4005,Cat
4006,Dog
4007,Cat
4008,Dog
4009,Dog
401,Dog
4010,Dog
4011,Cat
4012,Dog
4013,Dog
4014,Cat
4015,Dog
4016,Dog
4017,Cat
4018,Cat
4019,Cat
402,Cat
4020,Dog
4021,Cat
4022,Cat
4023,Cat
4024,Dog
4025,Dog
4026,Cat
4027,Cat
4028,Cat
4029,Cat
403,Dog
4030,Dog
4031,Dog
4032,Dog
4033,Dog
4034,Dog
4035,Cat
4036,Dog
4037,Dog
4038,Dog
4039,Dog
404,Cat
4040,Dog
4041,Cat
4042,Cat
4043,Cat
4044,Dog
4045,Dog
4046,Cat
4047,Cat
4048,Dog
4049,Dog
405,Cat
4050,Cat
4051,Dog
4052,Cat
4053,Cat
4054,Cat
4055,Cat
4056,Dog
4057,Cat
4058,Dog
4059,Cat
406,Cat
4060,Dog
4061,Dog
4062,Dog
4063,Dog
4064,Cat
4065,Dog
4066,Dog
4067,Cat
4068,Cat
4069,Cat
407,Cat
4070,Cat
4071,Dog
4072,Dog
4073,Dog
4074,Cat
4075,Dog
4076,Dog
4077,Dog
4078,Dog
4079,Dog
408,Dog
4080,Cat
4081,Dog
4082,Dog
4083,Cat
4084,Cat
4085,Dog
4086,Cat
4087,Cat
4088,Cat
4089,Dog
409,Dog
4090,Dog
4091,Dog
4092,Cat
4093,Cat
4094,Dog
4095,Cat
4096,Cat
4097,Cat
4098,Dog
4099,Dog
41,Cat
410,Cat
4100,Cat
4101,Dog
4102,Cat
4103,Cat
4104,Dog
4105,Cat
4106,Dog
4107,Cat
4108,Dog
4109,Cat
411,Dog
4110,Cat
4111,Dog
4112,Cat
4113,Dog
4114,Cat
4115,Dog
4116,Cat
4117,Dog
4118,Dog
4119,Dog
412,Cat
4120,Cat
4121,Cat
4122,Cat
4123,Dog
4124,Cat
4125,Cat
4126,Dog
4127,Cat
4128,Dog
4129,Dog
413,Cat
4130,Cat
4131,Cat
4132,Cat
4133,Cat
4134,Dog
4135,Dog
4136,Dog
4137,Dog
4138,Dog
4139,Dog
414,Dog
4140,Dog
4141,Cat
4142,Cat
4143,Cat
4144,Dog
4145,Cat
4146,Cat
4147,Dog
4148,Cat
4149,Cat
415,Cat
4150,Cat
4151,Cat
4152,Dog
4153,Cat
4154,Dog
4155,Cat
4156,Dog
4157,Dog
4158,Dog
4159,Dog
416,Dog
4160,Dog
4161,Dog
4162,Dog
4163,Cat
4164,Cat
4165,Dog
4166,Cat
4167,Cat
4168,Cat
4169,Dog
417,Cat
4170,Dog
4171,Dog
4172,Cat
4173,Cat
4174,Dog
4175,Dog
4176,Cat
4177,Cat
4178,Dog
4179,Cat
418,Cat
4180,Cat
4181,Cat
4182,Dog
4183,Dog
4184,Cat
4185,Cat
4186,Dog
4187,Cat
4188,Cat
4189,Cat
419,Cat
4190,Dog
4191,Cat
4192,Dog
4193,Cat
4194,Dog
4195,Cat
4196,Cat
4197,Dog
4198,Cat
4199,Cat
42,Cat
420,Dog
4200,Dog
4201,Dog
4202,Cat
4203,Cat
4204,Cat
4205,Cat
4206,Dog
4207,Dog
4208,Cat
4209,Dog
421,Dog
4210,Dog
4211,Dog
4212,Dog
4213,Cat
4214,Dog
4215,Cat
4216,Dog
4217,Dog
4218,Dog
4219,Dog
422,Cat
4220,Cat
4221,Cat
4222,Cat
4223,Cat
4224,Cat
4225,Dog
4226,Cat
4227,Cat
4228,Dog
4229,Cat
423,Cat
4230,Dog
4231,Cat
4232,Dog
4233,Dog
4234,Dog
4235,Dog
4236,Dog
4237,Dog
4238,Dog
4239,Cat
424,Dog
4240,Dog
4241,Dog
4242,Dog
4243,Dog
4244,Cat
4245,Dog
4246,Cat
4247,Dog
4248,Dog
4249,Cat
425,Cat
4250,Cat
4251,Dog
4252,Cat
4253,Dog
4254,Cat
4255,Dog
4256,Cat
4257,Cat
4258,Cat
4259,Dog
426,Dog
4260,Cat
4261,Dog
4262,Dog
4263,Dog
4264,Dog
4265,Cat
4266,Cat
4267,Cat
4268,Dog
4269,Cat
427,Cat
4270,Cat
4271,Cat
4272,Dog
4273,Dog
4274,Cat
4275,Cat
4276,Cat
4277,Dog
4278,Cat
4279,Dog
428,Cat
4280,Dog
4281,Cat
4282,Dog
4283,Cat
4284,Cat
4285,Dog
4286,Cat
4287,Cat
4288,Cat
4289,Dog
429,Cat
4290,Dog
4291,Dog
4292,Cat
4293,Cat
4294,Cat
4295,Cat
4296,Dog
4297,Dog
4298,Cat
4299,Cat
43,Cat
430,Dog
4300,Dog
4301,Dog
4302,Dog
4303,Cat
4304,Dog
4305,Cat
4306,Cat
4307,Dog
4308,Cat
4309,Dog
431,Cat
4310,Dog
4311,Cat
4312,Dog
4313,Cat
4314,Dog
4315,Cat
4316,Dog
4317,Dog
4318,Cat
4319,Cat
432,Dog
4320,Dog
4321,Dog
4322,Dog
4323,Dog
4324,Dog
4325,Cat
4326,Dog
4327,Dog
4328,Dog
4329,Cat
433,Dog
4330,Cat
4331,Cat
4332,Dog
4333,Dog
4334,Cat
4335,Cat
4336,Cat
4337,Cat
4338,Cat
4339,Cat
434,Dog
4340,Dog
4341,Dog
4342,Dog
4343,Cat
4344,Cat
4345,Cat
4346,Dog
4347,Dog
4348,Dog
4349,Dog
435,Dog
4350,Dog
4351,Cat
4352,Dog
4353,Cat
4354,Cat
4355,Cat
4356,Dog
4357,Cat
4358,Dog
4359,Cat
436,Cat
4360,Cat
4361,Cat
4362,Cat
4363,Cat
4364,Dog
4365,Dog
4366,Dog
4367,Cat
4368,Dog
4369,Cat
437,Cat
4370,Cat
4371,Cat
4372,Cat
4373,Dog
4374,Cat
4375,Dog
4376,Dog
4377,Dog
4378,Cat
4379,Cat
438,Dog
4380,Cat
4381,Dog
4382,Cat
4383,Dog
4384,Cat
4385,Dog
4386,Dog
4387,Dog
4388,Cat
4389,Cat
439,Cat
4390,Cat
4391,Cat
4392,Dog
4393,Dog
4394,Dog
4395,Dog
4396,Cat
4397,Dog
4398,Cat
4399,Cat
44,Cat
440,Cat
4400,Dog
4401,Dog
4402,Cat
4403,Cat
4404,Cat
4405,Cat
4406,Dog
4407,Dog
4408,Cat
4409,Cat
441,Cat
4410,Cat
4411,Dog
4412,Dog
4413,Dog
4414,Cat
4415,Dog
4416,Dog
4417,Dog
4418,Cat
4419,Cat
442,Dog
4420,Cat
4421,Cat
4422,Cat
4423,Dog
4424,Cat
4425,Dog
4426,Dog
4427,Dog
4428,Dog
4429,Cat
443,Dog
4430,Cat
4431,Dog
4432,Cat
4433,Dog
4434,Cat
4435,Cat
4436,Dog
4437,Cat
4438,Cat
4439,Cat
444,Cat
4440,Cat
4441,Dog
4442,Dog
4443,Dog
4444,Dog
4445,Dog
4446,Dog
4447,Dog
4448,Cat
4449,Cat
445,Cat
4450,Cat
4451,Cat
4452,Cat
4453,Cat
4454,Dog
4455,Cat
4456,Cat
4457,Dog
4458,Cat
4459,Dog
446,Dog
4460,Cat
4461,Dog
4462,Dog
4463,Cat
4464,Cat
4465,Dog
4466,Cat
4467,Dog
4468,Dog
4469,Dog
447,Dog
4470,Dog
4471,Cat
4472,Dog
4473,Dog
4474,Cat
4475,Cat
4476,Dog
4477,Dog
4478,Dog
4479,Cat
448,Cat
4480,Cat
4481,Dog
4482,Dog
4483,Cat
4484,Dog
4485,Dog
4486,Cat
4487,Cat
4488,Cat
4489,Dog
449,Dog
4490,Cat
4491,Dog
4492,Dog
4493,Cat
4494,Dog
4495,Dog
4496,Cat
4497,Cat
4498,Cat
4499,Cat
45,Dog
450,Dog
4500,Cat
4501,Dog
4502,Cat
4503,Cat
4504,Dog
4505,Dog
4506,Dog
4507,Dog
4508,Dog
4509,Cat
451,Dog
4510,Dog
4511,Dog
4512,Dog
4513,Cat
4514,Dog
4515,Cat
4516,Dog
4517,Dog
4518,Cat
4519,Cat
452,Dog
4520,Cat
4521,Cat
4522,Dog
4523,Cat
4524,Dog
4525,Cat
4526,Dog
4527,Dog
4528,Dog
4529,Dog
453,Dog
4530,Dog
4531,Dog
4532,Dog
4533,Cat
4534,Cat
4535,Cat
4536,Cat
4537,Dog
4538,Cat
4539,Dog
454,Dog
4540,Dog
4541,Dog
4542,Cat
4543,Dog
4544,Dog
4545,Dog
4546,Dog
4547,Dog
4548,Dog
4549,Cat
455,Dog
4550,Cat
4551,Dog
4552,Cat
4553,Dog
4554,Cat
4555,Cat
4556,Cat
4557,Dog
4558,Dog
4559,Dog
456,Cat
4560,Dog
4561,Cat
4562,Dog
4563,Dog
4564,Dog
4565,Cat
4566,Cat
4567,Dog
4568,Dog
4569,Cat
457,Cat
4570,Dog
4571,Cat
4572,Dog
4573,Dog
4574,Cat
4575,Cat
4576,Cat
4577,Cat
4578,Cat
4579,Dog
458,Dog
4580,Cat
4581,Cat
4582,Cat
4583,Dog
4584,Dog
4585,Cat
4586,Dog
4587,Cat
4588,Dog
4589,Cat
459,Cat
4590,Dog
4591,Cat
4592,Dog
4593,Dog
4594,Cat
4595,Cat
4596,Cat
4597,Dog
4598,Dog
4599,Cat
46,Dog
460,Cat
4600,Dog
4601,Dog
4602,Dog
4603,Dog
4604,Dog
4605,Cat
4606,Cat
4607,Dog
4608,Dog
4609,Dog
461,Dog
4610,Dog
4611,Dog
4612,Cat
4613,Dog
4614,Dog
4615,Cat
4616,Dog
4617,Dog
4618,Dog
4619,Cat
462,Dog
4620,Cat
4621,Cat
4622,Cat
4623,Cat
4624,Dog
4625,Cat
4626,Dog
4627,Cat
4628,Cat
4629,Cat
463,Cat
4630,Dog
4631,Dog
4632,Dog
4633,Cat
4634,Cat
4635,Dog
4636,Cat
4637,Cat
4638,Cat
4639,Cat
464,Cat
4640,Cat
4641,Cat
4642,Dog
4643,Cat
4644,Cat
4645,Cat
4646,Dog
4647,Dog
4648,Cat
4649,Cat
465,Cat
4650,Dog
4651,Dog
4652,Cat
4653,Dog
4654,Dog
4655,Dog
4656,Cat
4657,Cat
4658,Cat
4659,Cat
466,Cat
4660,Dog
4661,Cat
4662,Dog
4663,Dog
4664,Dog
4665,Cat
4666,Cat
4667,Cat
4668,Dog
4669,Dog
467,Dog
4670,Cat
4671,Cat
4672,Dog
4673,Dog
4674,Cat
4675,Cat
4676,Cat
4677,Cat
4678,Dog
4679,Dog
468,Cat
4680,Cat
4681,Dog
4682,Cat
4683,Cat
4684,Cat
4685,Cat
4686,Cat
4687,Cat
4688,Cat
4689,Dog
469,Dog
4690,Cat
4691,Dog
4692,Dog
4693,Dog
4694,Cat
4695,Dog
4696,Dog
4697,Cat
4698,Dog
4699,Dog
47,Cat
470,Dog
4700,Dog
4701,Cat
4702,Dog
4703,Cat
4704,Cat
4705,Dog
4706,Cat
4707,Cat
4708,Dog
4709,Cat
471,Dog
4710,Cat
4711,Cat
4712,Dog
4713,Cat
4714,Cat
4715,Cat
4716,Dog
4717,Dog
4718,Cat
4719,Dog
472,Cat
4720,Dog
4721,Cat
4722,Dog
4723,Dog
4724,Cat
4725,Cat
4726,Cat
4727,Cat
4728,Dog
4729,Cat
473,Cat
4730,Cat
4731,Cat
4732,Cat
4733,Cat
4734,Dog
4735,Dog
4736,Cat
4737,Cat
4738,Cat
4739,Cat
474,Cat
4740,Dog
4741,Cat
4742,Dog
4743,Cat
4744,Cat
4745,Cat
4746,Cat
4747,Dog
4748,Dog
4749,Dog
475,Dog
4750,Cat
4751,Dog
4752,Cat
4753,Cat
4754,Dog
4755,Cat
4756,Cat
4757,Cat
4758,Dog
4759,Cat
476,Dog
4760,Cat
4761,Cat
4762,Cat
4763,Dog
4764,Dog
4765,Dog
4766,Cat
4767,Cat
4768,Dog
4769,Cat
477,Cat
4770,Cat
4771,Cat
4772,Cat
4773,Cat
4774,Cat
4775,Dog
4776,Cat
4777,Dog
4778,Cat
4779,Cat
478,Dog
4780,Cat
4781,Dog
4782,Dog
4783,Cat
4784,Cat
4785,Dog
4786,Cat
4787,Cat
4788,Cat
4789,Cat
479,Cat
4790,Dog
4791,Cat
4792,Dog
4793,Cat
4794,Dog
4795,Cat
4796,Dog
4797,Dog
4798,Cat
4799,Dog
48,Cat
480,Cat
4800,Cat
4801,Cat
4802,Dog
4803,Dog
4804,Dog
4805,Dog
4806,Cat
4807,Cat
4808,Cat
4809,Dog
481,Cat
4810,Dog
4811,Cat
4812,Cat
4813,Dog
4814,Cat
4815,Dog
4816,Cat
4817,Cat
4818,Dog
4819,Cat
482,Cat
4820,Cat
4821,Dog
4822,Cat
4823,Dog
4824,Dog
4825,Dog
4826,Dog
4827,Dog
4828,Cat
4829,Cat
483,Cat
4830,Dog
4831,Dog
4832,Dog
4833,Cat
4834,Cat
4835,Dog
4836,Cat
4837,Dog
4838,Cat
4839,Dog
484,Cat
4840,Cat
4841,Cat
4842,Cat
4843,Cat
4844,Dog
4845,Dog
4846,Cat
4847,Dog
4848,Dog
4849,Dog
485,Cat
4850,Cat
4851,Cat
4852,Dog
4853,Dog
4854,Cat
4855,Cat
4856,Dog
4857,Cat
4858,Dog
4859,Dog
486,Cat
4860,Dog
4861,Cat
4862,Cat
4863,Dog
4864,Cat
4865,Dog
4866,Cat
4867,Cat
4868,Dog
4869,Cat
487,Dog
4870,Cat
4871,Cat
4872,Cat
4873,Dog
4874,Dog
4875,Cat
4876,Dog
4877,Dog
4878,Dog
4879,Dog
488,Cat
4880,Dog
4881,Dog
4882,Cat
4883,Cat
4884,Cat
4885,Dog
4886,Cat
4887,Dog
4888,Dog
4889,Dog
489,Cat
4890,Cat
4891,Cat
4892,Cat
4893,Cat
4894,Cat
4895,Dog
4896,Dog
4897,Dog
4898,Dog
4899,Cat
49,Cat
490,Dog
4900,Cat
4901,Cat
4902,Dog
4903,Dog
4904,Dog
4905,Dog
4906,Cat
4907,Dog
4908,Dog
4909,Cat
491,Dog
4910,Dog
4911,Dog
4912,Cat
4913,Cat
4914,Dog
4915,Cat
4916,Dog
4917,Cat
4918,Dog
4919,Cat
492,Dog
4920,Dog
4921,Cat
4922,Dog
4923,Dog
4924,Cat
4925,Dog
4926,Dog
4927,Dog
4928,Cat
4929,Cat
493,Cat
4930,Dog
4931,Dog
4932,Cat
4933,Dog
4934,Dog
4935,Dog
4936,Dog
4937,Cat
4938,Dog
4939,Cat
494,Cat
4940,Cat
4941,Dog
4942,Cat
4943,Cat
4944,Dog
4945,Cat
4946,Cat
4947,Cat
4948,Dog
4949,Cat
495,Cat
4950,Dog
4951,Cat
4952,Cat
4953,Dog
4954,Dog
4955,Dog
4956,Dog
4957,Cat
4958,Dog
4959,Dog
496,Dog
4960,Dog
4961,Dog
4962,Cat
4963,Cat
4964,Dog
4965,Dog
4966,Dog
4967,Cat
4968,Cat
4969,Dog
497,Dog
4970,Dog
4971,Dog
4972,Cat
4973,Dog
4974,Dog
4975,Dog
4976,Dog
4977,Dog
4978,Dog
4979,Cat
498,Cat
4980,Cat
4981,Dog
4982,Dog
4983,Dog
4984,Cat
4985,Cat
4986,Dog
4987,Dog
4988,Cat
4989,Cat
499,Dog
4990,Cat
4991,Dog
4992,Cat
4993,Cat
4994,Cat
4995,Cat
4996,Dog
4997,Dog
4998,Cat
4999,Dog
5,Cat
50,Cat
500,Cat
501,Dog
502,Dog
503,Cat
504,Cat
505,Cat
506,Cat
507,Dog
508,Cat
509,Dog
51,Cat
510,Dog
511,Cat
512,Dog
513,Cat
514,Cat
515,Cat
516,Dog
517,Dog
518,Cat
519,Cat
52,Cat
520,Dog
521,Dog
522,Dog
523,Cat
524,Cat
525,Cat
526,Dog
527,Dog
528,Cat
529,Dog
53,Dog
530,Dog
531,Dog
532,Dog
533,Cat
534,Cat
535,Cat
536,Dog
537,Cat
538,Dog
539,Dog
54,Cat
540,Cat
541,Dog
542,Dog
543,Dog
544,Dog
545,Dog
546,Dog
547,Dog
548,Dog
549,Dog
55,Cat
550,Dog
551,Dog
552,Cat
553,Cat
554,Dog
555,Dog
556,Cat
557,Dog
558,Cat
559,Dog
56,Cat
560,Cat
561,Cat
562,Cat
563,Dog
564,Dog
565,Dog
566,Dog
567,Dog
568,Cat
569,Dog
57,Cat
570,Cat
571,Dog
572,Dog
573,Cat
574,Dog
575,Cat
576,Cat
577,Dog
578,Dog
579,Cat
58,Dog
580,Dog
581,Dog
582,Dog
583,Dog
584,Cat
585,Cat
586,Cat
587,Cat
588,Dog
589,Cat
59,Dog
590,Cat
591,Dog
592,Cat
593,Dog
594,Cat
595,Dog
596,Dog
597,Dog
598,Dog
599,Cat
6,Cat
60,Cat
600,Dog
601,Dog
602,Cat
603,Cat
604,Dog
605,Dog
606,Dog
607,Dog
608,Cat
609,Cat
61,Dog
610,Dog
611,Dog
612,Cat
613,Dog
614,Dog
615,Cat
616,Dog
617,Dog
618,Cat
619,Cat
62,Dog
620,Dog
621,Cat
622,Dog
623,Cat
624,Dog
625,Cat
626,Cat
627,Cat
628,Dog
629,Cat
63,Dog
630,Cat
631,Dog
632,Dog
633,Dog
634,Dog
635,Dog
636,Cat
637,Cat
638,Cat
639,Dog
64,Cat
640,Dog
641,Dog
642,Dog
643,Cat
644,Cat
645,Cat
646,Cat
647,Cat
648,Dog
649,Cat
65,Cat
650,Dog
651,Cat
652,Cat
653,Dog
654,Dog
655,Dog
656,Cat
657,Dog
658,Dog
659,Dog
66,Cat
660,Dog
661,Dog
662,Dog
663,Cat
664,Cat
665,Cat
666,Cat
667,Dog
668,Dog
669,Dog
67,Cat
670,Cat
671,Cat
672,Dog
673,Cat
674,Dog
675,Dog
676,Cat
677,Dog
678,Dog
679,Cat
68,Cat
680,Cat
681,Dog
682,Cat
683,Cat
684,Dog
685,Cat
686,Cat
687,Cat
688,Dog
689,Dog
69,Dog
690,Dog
691,Cat
692,Dog
693,Cat
694,Cat
695,Cat
696,Dog
697,Cat
698,Cat
699,Dog
7,Dog
70,Dog
700,Cat
701,Cat
702,Cat
703,Cat
704,Cat
705,Cat
706,Cat
707,Cat
708,Cat
709,Dog
71,Dog
710,Cat
711,Dog
712,Dog
713,Cat
714,Cat
715,Dog
716,Cat
717,Dog
718,Cat
719,Dog
72,Cat
720,Dog
721,Dog
722,Dog
723,Cat
724,Dog
725,Cat
726,Cat
727,Dog
728,Dog
729,Dog
73,Cat
730,Dog
731,Cat
732,Cat
733,Cat
734,Cat
735,Dog
736,Dog
737,Dog
738,Cat
739,Cat
74,Dog
740,Dog
741,Dog
742,Cat
743,Cat
744,Dog
745,Cat
746,Cat
747,Cat
748,Dog
749,Cat
75,Dog
750,Dog
751,Dog
752,Dog
753,Dog
754,Dog
755,Dog
756,Dog
757,Dog
758,Cat
759,Cat
76,Dog
760,Cat
761,Cat
762,Dog
763,Cat
764,Cat
765,Cat
766,Dog
767,Cat
768,Cat
769,Dog
77,Dog
770,Cat
771,Dog
772,Cat
773,Dog
774,Cat
775,Cat
776,Dog
777,Dog
778,Dog
779,Dog
78,Cat
780,Cat
781,Dog
782,Cat
783,Cat
784,Cat
785,Dog
786,Cat
787,Cat
788,Dog
789,Dog
79,Dog
790,Cat
791,Dog
792,Cat
793,Dog
794,Dog
795,Cat
796,Cat
797,Dog
798,Dog
799,Cat
8,Dog
80,Cat
800,Cat
801,Dog
802,Cat
803,Dog
804,Dog
805,Dog
806,Dog
807,Dog
808,Dog
809,Dog
81,Cat
810,Dog
811,Dog
812,Dog
813,Cat
814,Dog
815,Dog
816,Cat
817,Cat
818,Cat
819,Cat
82,Dog
820,Dog
821,Cat
822,Dog
823,Cat
824,Cat
825,Dog
826,Dog
827,Dog
828,Dog
829,Cat
83,Dog
830,Cat
831,Dog
832,Dog
833,Dog
834,Cat
835,Cat
836,Dog
837,Cat
838,Dog
839,Cat
84,Dog
840,Cat
841,Dog
842,Cat
843,Dog
844,Cat
845,Cat
846,Cat
847,Cat
848,Cat
849,Dog
85,Cat
850,Cat
851,Dog
852,Dog
853,Cat
854,Cat
855,Cat
856,Cat
857,Dog
858,Cat
859,Cat
86,Dog
860,Cat
861,Cat
862,Cat
863,Dog
864,Cat
865,Cat
866,Cat
867,Cat
868,Dog
869,Cat
87,Dog
870,Dog
871,Dog
872,Cat
873,Cat
874,Dog
875,Dog
876,Cat
877,Cat
878,Cat
879,Cat
88,Cat
880,Cat
881,Cat
882,Cat
883,Cat
884,Dog
885,Dog
886,Dog
887,Dog
888,Dog
889,Dog
89,Dog
890,Dog
891,Dog
892,Cat
893,Dog
894,Dog
895,Dog
896,Dog
897,Cat
898,Dog
899,Dog
9,Cat
90,Cat
900,Cat
901,Dog
902,Dog
903,Dog
904,Dog
905,Dog
906,Cat
907,Cat
908,Dog
909,Cat
91,Cat
910,Cat
911,Dog
912,Cat
913,Cat
914,Dog
915,Cat
916,Cat
917,Cat
918,Cat
919,Cat
92,Cat
920,Cat
921,Cat
922,Cat
923,Dog
924,Dog
925,Cat
926,Dog
927,Dog
928,Cat
929,Cat
93,Cat
930,Cat
931,Dog
932,Dog
933,Cat
934,Cat
935,Cat
936,Cat
937,Dog
938,Dog
939,Cat
94,Dog
940,Dog
941,Dog
942,Cat
943,Dog
944,Cat
945,Cat
946,Dog
947,Dog
948,Cat
949,Dog
95,Dog
950,Dog
951,Cat
952,Cat
953,Dog
954,Cat
955,Cat
956,Cat
957,Cat
958,Cat
959,Dog
96,Cat
960,Cat
961,Dog
962,Dog
963,Cat
964,Dog
965,Cat
966,Dog
967,Cat
968,Dog
969,Cat
97,Dog
970,Cat
971,Dog
972,Cat
973,Cat
974,Dog
975,Cat
976,Cat
977,Cat
978,Cat
979,Cat
98,Dog
980,Dog
981,Cat
982,Dog
983,Cat
984,Cat
985,Cat
986,Dog
987,Cat
988,Cat
989,Dog
99,Dog
990,Cat
991,Cat
992,Cat
993,Cat
994,Dog
995,Cat
996,Cat
997,Dog
998,Cat
999,Dog
