id,label
1,Cat
2,Cat
3,Dog
4,Dog
5,Cat
6,Dog
7,Dog
8,Cat
9,Dog
10,Dog
11,Dog
12,Dog
13,Cat
14,Cat
15,Cat
16,Dog
17,Dog
18,Dog
19,Dog
20,Cat
21,Dog
22,Dog
23,Dog
24,Cat
25,Cat
26,Cat
27,Dog
28,Dog
29,Dog
30,Cat
31,Dog
32,Cat
33,Cat
34,Dog
35,Cat
36,Dog
37,Cat
38,Dog
39,Dog
40,Dog
41,Dog
42,Dog
43,Dog
44,Dog
45,Cat
46,Cat
47,Cat
48,Dog
49,Cat
50,Dog
51,Cat
52,Dog
53,Dog
54,Cat
55,Dog
56,Dog
57,Dog
58,Dog
59,Dog
60,Dog
61,Dog
62,Cat
63,Dog
64,Cat
65,Dog
66,Dog
67,Cat
68,Cat
69,Dog
70,Dog
71,Cat
72,Cat
73,Dog
74,Cat
75,Dog
76,Dog
77,Dog
78,Dog
79,Dog
80,Cat
81,Dog
82,Cat
83,Cat
84,Cat
85,Cat
86,Dog
87,Cat
88,Dog
89,Dog
90,Dog
91,Cat
92,Dog
93,Dog
94,Cat
95,Cat
96,Dog
97,Cat
98,Dog
99,Dog
100,Dog
101,Dog
102,Dog
103,Cat
104,Dog
105,Dog
106,Dog
107,Cat
108,Dog
109,Dog
110,Dog
111,Dog
112,Cat
113,Cat
114,Dog
115,Cat
116,Cat
117,Dog
118,Dog
119,Cat
120,Dog
121,Dog
122,Dog
123,Cat
124,Dog
125,Dog
126,Cat
127,Cat
128,Dog
129,Dog
130,Dog
131,Dog
132,Dog
133,Cat
134,Dog
135,Cat
136,Cat
137,Dog
138,Cat
139,Dog
140,Cat
141,Dog
142,Cat
143,Dog
144,Dog
145,Dog
146,Dog
147,Cat
148,Dog
149,Dog
150,Dog
151,Dog
152,Dog
153,Dog
154,Cat
155,Dog
156,Dog
157,Dog
158,Dog
159,Cat
160,Dog
161,Dog
162,Dog
163,Cat
164,Cat
165,Cat
166,Dog
167,Cat
168,Cat
169,Cat
170,Dog
171,Dog
172,Cat
173,Cat
174,Dog
175,Dog
176,Dog
177,Dog
178,Cat
179,Dog
180,Cat
181,Dog
182,Cat
183,Cat
184,Dog
185,Dog
186,Dog
187,Cat
188,Cat
189,Dog
190,Dog
191,Cat
192,Dog
193,Dog
194,Dog
195,Dog
196,Dog
197,Cat
198,Dog
199,Cat
200,Cat
201,Dog
202,Dog
203,Cat
204,Cat
205,Cat
206,Dog
207,Dog
208,Cat
209,Cat
210,Dog
211,Dog
212,Cat
213,Dog
214,Dog
215,Cat
216,Dog
217,Cat
218,Dog
219,Dog
220,Cat
221,Dog
222,Cat
223,Dog
224,Cat
225,Dog
226,Cat
227,Cat
228,Dog
229,Cat
230,Dog
231,Cat
232,Dog
233,Dog
234,Dog
235,Dog
236,Dog
237,Cat
238,Cat
239,Cat
240,Dog
241,Dog
242,Dog
243,Cat
244,Dog
245,Cat
246,Cat
247,Cat
248,Dog
249,Dog
250,Dog
251,Dog
252,Cat
253,Dog
254,Cat
255,Dog
256,Cat
257,Cat
258,Cat
259,Cat
260,Dog
261,Cat
262,Dog
263,Cat
264,Cat
265,Dog
266,Dog
267,Dog
268,Dog
269,Dog
270,Dog
271,Dog
272,Cat
273,Dog
274,Cat
275,Cat
276,Dog
277,Dog
278,Dog
279,Dog
280,Dog
281,Dog
282,Dog
283,Cat
284,Dog
285,Cat
286,Dog
287,Cat
288,Cat
289,Cat
290,Dog
291,Dog
292,Dog
293,Dog
294,Dog
295,Dog
296,Cat
297,Dog
298,Cat
299,Cat
300,Dog
301,Cat
302,Cat
303,Cat
304,Dog
305,Dog
306,Dog
307,Cat
308,Dog
309,Cat
310,Cat
311,Cat
312,Dog
313,Dog
314,Dog
315,Dog
316,Dog
317,Cat
318,Dog
319,Dog
320,Dog
321,Cat
322,Cat
323,Cat
324,Dog
325,Cat
326,Cat
327,Dog
328,Dog
329,Cat
330,Dog
331,Cat
332,Dog
333,Dog
334,Dog
335,Dog
336,Dog
337,Dog
338,Dog
339,Dog
340,Dog
341,Cat
342,Cat
343,Dog
344,Dog
345,Dog
346,Dog
347,Dog
348,Dog
349,Dog
350,Dog
351,Cat
352,Dog
353,Cat
354,Dog
355,Dog
356,Cat
357,Cat
358,Dog
359,Dog
360,Cat
361,Cat
362,Cat
363,Dog
364,Cat
365,Dog
366,Dog
367,Cat
368,Dog
369,Cat
370,Dog
371,Dog
372,Dog
373,Dog
374,Cat
375,Dog
376,Cat
377,Dog
378,Dog
379,Dog
380,Dog
381,Dog
382,Cat
383,Cat
384,Cat
385,Dog
386,Cat
387,Dog
388,Dog
389,Dog
390,Dog
391,Dog
392,Dog
393,Dog
394,Cat
395,Dog
396,Dog
397,Cat
398,Dog
399,Dog
400,Cat
401,Dog
402,Cat
403,Cat
404,Dog
405,Dog
406,Cat
407,Dog
408,Dog
409,Dog
410,Dog
411,Dog
412,Dog
413,Dog
414,Cat
415,Dog
416,Dog
417,Dog
418,Cat
419,Dog
420,Dog
421,Dog
422,Dog
423,Dog
424,Cat
425,Cat
426,Cat
427,Dog
428,Dog
429,Dog
430,Dog
431,Cat
432,Cat
433,Cat
434,Dog
435,Dog
436,Dog
437,Dog
438,Dog
439,Dog
440,Dog
441,Cat
442,Dog
443,Dog
444,Dog
445,Dog
446,Dog
447,Dog
448,Dog
449,Cat
450,Dog
451,Dog
452,Dog
453,Cat
454,Dog
455,Cat
456,Cat
457,Dog
458,Dog
459,Dog
460,Cat
461,Dog
462,Dog
463,Dog
464,Cat
465,Dog
466,Dog
467,Cat
468,Dog
469,Dog
470,Dog
471,Dog
472,Dog
473,Cat
474,Dog
475,Dog
476,Cat
477,Dog
478,Dog
479,Dog
480,Cat
481,Cat
482,Dog
483,Dog
484,Dog
485,Dog
486,Dog
487,Dog
488,Cat
489,Cat
490,Dog
491,Cat
492,Dog
493,Dog
494,Dog
495,Cat
496,Dog
497,Dog
498,Cat
499,Dog
500,Cat
501,Dog
502,Dog
503,Dog
504,Dog
505,Dog
506,Dog
507,Dog
508,Cat
509,Dog
510,Cat
511,Dog
512,Dog
513,Cat
514,Cat
515,Dog
516,Cat
517,Dog
518,Cat
519,Dog
520,Dog
521,Dog
522,Dog
523,Cat
524,Cat
525,Cat
526,Dog
527,Dog
528,Dog
529,Cat
530,Cat
531,Dog
532,Dog
533,Dog
534,Dog
535,Cat
536,Dog
537,Dog
538,Cat
539,Cat
540,Dog
541,Dog
542,Dog
543,Cat
544,Dog
545,Dog
546,Cat
547,Dog
548,Cat
549,Dog
550,Cat
551,Dog
552,Dog
553,Dog
554,Cat
555,Dog
556,Cat
557,Cat
558,Dog
559,Cat
560,Cat
561,Dog
562,Dog
563,Dog
564,Dog
565,Dog
566,Cat
567,Cat
568,Dog
569,Dog
570,Dog
571,Dog
572,Dog
573,Dog
574,Dog
575,Cat
576,Dog
577,Dog
578,Dog
579,Dog
580,Dog
581,Cat
582,Dog
583,Dog
584,Dog
585,Cat
586,Cat
587,Dog
588,Cat
589,Dog
590,Cat
591,Dog
592,Cat
593,Dog
594,Cat
595,Cat
596,Cat
597,Dog
598,Cat
599,Dog
600,Dog
601,Dog
602,Cat
603,Dog
604,Dog
605,Dog
606,Cat
607,Dog
608,Dog
609,Dog
610,Cat
611,Dog
612,Cat
613,Cat
614,Dog
615,Dog
616,Dog
617,Cat
618,Dog
619,Cat
620,Cat
621,Cat
622,Dog
623,Dog
624,Dog
625,Dog
626,Dog
627,Dog
628,Cat
629,Dog
630,Dog
631,Dog
632,Dog
633,Dog
634,Cat
635,Dog
636,Dog
637,Dog
638,Dog
639,Cat
640,Cat
641,Cat
642,Cat
643,Cat
644,Dog
645,Cat
646,Cat
647,Dog
648,Cat
649,Cat
650,Dog
651,Dog
652,Dog
653,Dog
654,Dog
655,Cat
656,Cat
657,Dog
658,Cat
659,Cat
660,Dog
661,Cat
662,Dog
663,Dog
664,Cat
665,Cat
666,Dog
667,Dog
668,Dog
669,Dog
670,Cat
671,Cat
672,Dog
673,Dog
674,Cat
675,Cat
676,Dog
677,Dog
678,Cat
679,Cat
680,Dog
681,Dog
682,Dog
683,Dog
684,Cat
685,Dog
686,Dog
687,Dog
688,Dog
689,Cat
690,Dog
691,Cat
692,Dog
693,Dog
694,Dog
695,Cat
696,Cat
697,Cat
698,Dog
699,Cat
700,Dog
701,Cat
702,Dog
703,Dog
704,Cat
705,Cat
706,Cat
707,Dog
708,Dog
709,Dog
710,Dog
711,Dog
712,Dog
713,Dog
714,Dog
715,Cat
716,Dog
717,Dog
718,Cat
719,Cat
720,Cat
721,Dog
722,Cat
723,Dog
724,Dog
725,Dog
726,Dog
727,Dog
728,Dog
729,Dog
730,Cat
731,Cat
732,Dog
733,Dog
734,Dog
735,Cat
736,Dog
737,Cat
738,Dog
739,Dog
740,Dog
741,Cat
742,Cat
743,Dog
744,Dog
745,Cat
746,Cat
747,Dog
748,Cat
749,Dog
750,Cat
751,Dog
752,Dog
753,Dog
754,Dog
755,Dog
756,Dog
757,Dog
758,Dog
759,Dog
760,Dog
761,Dog
762,Dog
763,Dog
764,Dog
765,Cat
766,Cat
767,Dog
768,Cat
769,Dog
770,Dog
771,Dog
772,Cat
773,Dog
774,Dog
775,Cat
776,Dog
777,Dog
778,Dog
779,Dog
780,Cat
781,Dog
782,Cat
783,Dog
784,Dog
785,Dog
786,Cat
787,Dog
788,Dog
789,Cat
790,Dog
791,Cat
792,Dog
793,Dog
794,Cat
795,Dog
796,Cat
797,Dog
798,Dog
799,Cat
800,Dog
801,Cat
802,Cat
803,Cat
804,Dog
805,Dog
806,Dog
807,Cat
808,Dog
809,Cat
810,Dog
811,Cat
812,Cat
813,Dog
814,Dog
815,Cat
816,Dog
817,Dog
818,Dog
819,Cat
820,Dog
821,Dog
822,Dog
823,Dog
824,Dog
825,Dog
826,Cat
827,Dog
828,Cat
829,Dog
830,Cat
831,Dog
832,Cat
833,Cat
834,Dog
835,Cat
836,Cat
837,Cat
838,Dog
839,Dog
840,Dog
841,Dog
842,Dog
843,Cat
844,Cat
845,Cat
846,Dog
847,Dog
848,Dog
849,Dog
850,Dog
851,Dog
852,Dog
853,Dog
854,Cat
855,Cat
856,Dog
857,Cat
858,Cat
859,Cat
860,Cat
861,Dog
862,Dog
863,Dog
864,Dog
865,Dog
866,Dog
867,Dog
868,Cat
869,Cat
870,Dog
871,Dog
872,Dog
873,Dog
874,Dog
875,Dog
876,Dog
877,Dog
878,Dog
879,Dog
880,Cat
881,Cat
882,Dog
883,Dog
884,Dog
885,Dog
886,Dog
887,Cat
888,Dog
889,Cat
890,Cat
891,Cat
892,Dog
893,Cat
894,Cat
895,Dog
896,Dog
897,Dog
898,Cat
899,Cat
900,Dog
901,Dog
902,Dog
903,Dog
904,Dog
905,Dog
906,Dog
907,Cat
908,Dog
909,Dog
910,Cat
911,Dog
912,Cat
913,Cat
914,Dog
915,Dog
916,Dog
917,Dog
918,Cat
919,Dog
920,Dog
921,Dog
922,Dog
923,Cat
924,Cat
925,Dog
926,Dog
927,Dog
928,Dog
929,Cat
930,Dog
931,Cat
932,Dog
933,Dog
934,Cat
935,Cat
936,Cat
937,Cat
938,Cat
939,Dog
940,Cat
941,Dog
942,Cat
943,Dog
944,Dog
945,Dog
946,Dog
947,Dog
948,Dog
949,Dog
950,Cat
951,Dog
952,Cat
953,Dog
954,Dog
955,Dog
956,Cat
957,Dog
958,Dog
959,Dog
960,Dog
961,Dog
962,Dog
963,Cat
964,Dog
965,Dog
966,Dog
967,Dog
968,Dog
969,Cat
970,Cat
971,Cat
972,Dog
973,Cat
974,Dog
975,Dog
976,Dog
977,Dog
978,Cat
979,Cat
980,Cat
981,Dog
982,Dog
983,Dog
984,Cat
985,Dog
986,Dog
987,Cat
988,Cat
989,Cat
990,Dog
991,Cat
992,Dog
993,Dog
994,Dog
995,Cat
996,Cat
997,Cat
998,Dog
999,Dog
1000,Dog
1001,Dog
1002,Cat
1003,Dog
1004,Dog
1005,Cat
1006,Dog
1007,Dog
1008,Dog
1009,Cat
1010,Dog
1011,Dog
1012,Cat
1013,Cat
1014,Dog
1015,Dog
1016,Dog
1017,Dog
1018,Dog
1019,Cat
1020,Cat
1021,Cat
1022,Cat
1023,Dog
1024,Dog
1025,Dog
1026,Dog
1027,Dog
1028,Cat
1029,Dog
1030,Cat
1031,Dog
1032,Dog
1033,Cat
1034,Dog
1035,Cat
1036,Dog
1037,Dog
1038,Dog
1039,Dog
1040,Dog
1041,Cat
1042,Dog
1043,Cat
1044,Dog
1045,Cat
1046,Dog
1047,Cat
1048,Dog
1049,Cat
1050,Cat
1051,Dog
1052,Cat
1053,Cat
1054,Dog
1055,Cat
1056,Dog
1057,Cat
1058,Cat
1059,Dog
1060,Dog
1061,Dog
1062,Dog
1063,Dog
1064,Cat
1065,Dog
1066,Dog
1067,Dog
1068,Cat
1069,Dog
1070,Dog
1071,Cat
1072,Dog
1073,Cat
1074,Dog
1075,Dog
1076,Cat
1077,Dog
1078,Cat
1079,Dog
1080,Dog
1081,Dog
1082,Dog
1083,Dog
1084,Dog
1085,Dog
1086,Cat
1087,Cat
1088,Dog
1089,Dog
1090,Dog
1091,Cat
1092,Dog
1093,Cat
1094,Cat
1095,Cat
1096,Dog
1097,Dog
1098,Dog
1099,Cat
1100,Dog
1101,Dog
1102,Dog
1103,Dog
1104,Cat
1105,Dog
1106,Cat
1107,Dog
1108,Cat
1109,Dog
1110,Cat
1111,Cat
1112,Cat
1113,Dog
1114,Cat
1115,Cat
1116,Dog
1117,Dog
1118,Dog
1119,Dog
1120,Dog
1121,Cat
1122,Dog
1123,Dog
1124,Cat
1125,Dog
1126,Cat
1127,Dog
1128,Dog
1129,Dog
1130,Cat
1131,Dog
1132,Dog
1133,Dog
1134,Dog
1135,Dog
1136,Dog
1137,Cat
1138,Dog
1139,Cat
1140,Dog
1141,Cat
1142,Dog
1143,Dog
1144,Cat
1145,Dog
1146,Dog
1147,Dog
1148,Dog
1149,Dog
1150,Cat
1151,Cat
1152,Dog
1153,Dog
1154,Dog
1155,Dog
1156,Dog
1157,Dog
1158,Dog
1159,Dog
1160,Dog
1161,Dog
1162,Cat
1163,Dog
1164,Dog
1165,Dog
1166,Cat
1167,Dog
1168,Dog
1169,Dog
1170,Dog
1171,Dog
1172,Cat
1173,Dog
1174,Dog
1175,Dog
1176,Dog
1177,Dog
1178,Dog
1179,Dog
1180,Cat
1181,Cat
1182,Dog
1183,Dog
1184,Dog
1185,Cat
1186,Dog
1187,Dog
1188,Dog
1189,Dog
1190,Dog
1191,Cat
1192,Dog
1193,Dog
1194,Dog
1195,Dog
1196,Dog
1197,Cat
1198,Dog
1199,Dog
1200,Dog
1201,Cat
1202,Dog
1203,Dog
1204,Dog
1205,Cat
1206,Cat
1207,Dog
1208,Dog
1209,Cat
1210,Cat
1211,Cat
1212,Cat
1213,Dog
1214,Cat
1215,Dog
1216,Dog
1217,Cat
1218,Dog
1219,Cat
1220,Cat
1221,Dog
1222,Cat
1223,Cat
1224,Dog
1225,Cat
1226,Cat
1227,Dog
1228,Dog
1229,Dog
1230,Dog
1231,Dog
1232,Dog
1233,Dog
1234,Dog
1235,Cat
1236,Cat
1237,Dog
1238,Dog
1239,Cat
1240,Cat
1241,Dog
1242,Cat
1243,Dog
1244,Cat
1245,Dog
1246,Cat
1247,Cat
1248,Dog
1249,Dog
1250,Cat
1251,Dog
1252,Dog
1253,Cat
1254,Dog
1255,Dog
1256,Dog
1257,Dog
1258,Dog
1259,Dog
1260,Dog
1261,Dog
1262,Dog
1263,Cat
1264,Dog
1265,Cat
1266,Cat
1267,Cat
1268,Cat
1269,Dog
1270,Dog
1271,Dog
1272,Cat
1273,Dog
1274,Cat
1275,Dog
1276,Dog
1277,Cat
1278,Dog
1279,Cat
1280,Dog
1281,Dog
1282,Dog
1283,Dog
1284,Dog
1285,Dog
1286,Cat
1287,Cat
1288,Dog
1289,Dog
1290,Dog
1291,Cat
1292,Dog
1293,Dog
1294,Dog
1295,Cat
1296,Dog
1297,Dog
1298,Dog
1299,Cat
1300,Dog
1301,Dog
1302,Dog
1303,Dog
1304,Dog
1305,Cat
1306,Dog
1307,Dog
1308,Dog
1309,Cat
1310,Dog
1311,Dog
1312,Dog
1313,Cat
1314,Cat
1315,Cat
1316,Dog
1317,Dog
1318,Cat
1319,Dog
1320,Dog
1321,Dog
1322,Dog
1323,Dog
1324,Dog
1325,Dog
1326,Cat
1327,Dog
1328,Cat
1329,Dog
1330,Dog
1331,Dog
1332,Dog
1333,Dog
1334,Dog
1335,Cat
1336,Cat
1337,Dog
1338,Cat
1339,Dog
1340,Cat
1341,Cat
1342,Cat
1343,Dog
1344,Dog
1345,Cat
1346,Dog
1347,Dog
1348,Dog
1349,Cat
1350,Cat
1351,Dog
1352,Dog
1353,Cat
1354,Dog
1355,Cat
1356,Cat
1357,Cat
1358,Cat
1359,Dog
1360,Cat
1361,Dog
1362,Cat
1363,Dog
1364,Dog
1365,Dog
1366,Cat
1367,Cat
1368,Cat
1369,Dog
1370,Dog
1371,Dog
1372,Cat
1373,Cat
1374,Dog
1375,Dog
1376,Cat
1377,Dog
1378,Dog
1379,Dog
1380,Cat
1381,Cat
1382,Dog
1383,Dog
1384,Cat
1385,Cat
1386,Cat
1387,Cat
1388,Cat
1389,Cat
1390,Cat
1391,Cat
1392,Dog
1393,Dog
1394,Dog
1395,Dog
1396,Cat
1397,Dog
1398,Dog
1399,Cat
1400,Dog
1401,Dog
1402,Dog
1403,Cat
1404,Cat
1405,Dog
1406,Dog
1407,Cat
1408,Dog
1409,Dog
1410,Dog
1411,Dog
1412,Dog
1413,Dog
1414,Cat
1415,Dog
1416,Dog
1417,Dog
1418,Cat
1419,Dog
1420,Dog
1421,Cat
1422,Cat
1423,Dog
1424,Dog
1425,Dog
1426,Dog
1427,Dog
1428,Cat
1429,Cat
1430,Dog
1431,Dog
1432,Dog
1433,Cat
1434,Cat
1435,Dog
1436,Dog
1437,Dog
1438,Dog
1439,Dog
1440,Dog
1441,Dog
1442,Cat
1443,Dog
1444,Dog
1445,Dog
1446,Dog
1447,Dog
1448,Dog
1449,Cat
1450,Dog
1451,Cat
1452,Cat
1453,Cat
1454,Dog
1455,Cat
1456,Dog
1457,Dog
1458,Dog
1459,Dog
1460,Cat
1461,Dog
1462,Dog
1463,Cat
1464,Dog
1465,Dog
1466,Dog
1467,Dog
1468,Cat
1469,Dog
1470,Cat
1471,Cat
1472,Cat
1473,Dog
1474,Cat
1475,Dog
1476,Dog
1477,Dog
1478,Cat
1479,Dog
1480,Dog
1481,Dog
1482,Cat
1483,Dog
1484,Dog
1485,Dog
1486,Cat
1487,Dog
1488,Dog
1489,Dog
1490,Dog
1491,Cat
1492,Dog
1493,Dog
1494,Dog
1495,Cat
1496,Dog
1497,Cat
1498,Cat
1499,Dog
1500,Dog
1501,Dog
1502,Dog
1503,Dog
1504,Cat
1505,Cat
1506,Dog
1507,Cat
1508,Cat
1509,Cat
1510,Dog
1511,Cat
1512,Dog
1513,Dog
1514,Dog
1515,Dog
1516,Cat
1517,Cat
1518,Cat
1519,Cat
1520,Cat
1521,Dog
1522,Dog
1523,Dog
1524,Dog
1525,Cat
1526,Dog
1527,Cat
1528,Cat
1529,Dog
1530,Dog
1531,Dog
1532,Dog
1533,Dog
1534,Dog
1535,Dog
1536,Dog
1537,Dog
1538,Cat
1539,Cat
1540,Cat
1541,Dog
1542,Cat
1543,Cat
1544,Dog
1545,Dog
1546,Dog
1547,Dog
1548,Dog
1549,Cat
1550,Dog
1551,Dog
1552,Dog
1553,Dog
1554,Dog
1555,Dog
1556,Dog
1557,Dog
1558,Dog
1559,Dog
1560,Dog
1561,Dog
1562,Dog
1563,Dog
1564,Cat
1565,Cat
1566,Dog
1567,Cat
1568,Dog
1569,Dog
1570,Dog
1571,Dog
1572,Cat
1573,Dog
1574,Dog
1575,Dog
1576,Dog
1577,Cat
1578,Cat
1579,Dog
1580,Cat
1581,Dog
1582,Cat
1583,Dog
1584,Cat
1585,Dog
1586,Dog
1587,Dog
1588,Dog
1589,Dog
1590,Dog
1591,Cat
1592,Cat
1593,Cat
1594,Cat
1595,Dog
1596,Cat
1597,Dog
1598,Cat
1599,Dog
1600,Cat
1601,Cat
1602,Dog
1603,Dog
1604,Dog
1605,Dog
1606,Dog
1607,Cat
1608,Dog
1609,Dog
1610,Cat
1611,Cat
1612,Dog
1613,Dog
1614,Dog
1615,Cat
1616,Dog
1617,Cat
1618,Cat
1619,Cat
1620,Dog
1621,Dog
1622,Dog
1623,Dog
1624,Cat
1625,Dog
1626,Dog
1627,Dog
1628,Cat
1629,Cat
1630,Dog
1631,Cat
1632,Dog
1633,Dog
1634,Dog
1635,Dog
1636,Dog
1637,Dog
1638,Cat
1639,Dog
1640,Cat
1641,Dog
1642,Cat
1643,Cat
1644,Cat
1645,Dog
1646,Cat
1647,Dog
1648,Dog
1649,Dog
1650,Cat
1651,Dog
1652,Dog
1653,Dog
1654,Cat
1655,Cat
1656,Dog
1657,Dog
1658,Cat
1659,Dog
1660,Dog
1661,Dog
1662,Cat
1663,Dog
1664,Dog
1665,Dog
1666,Dog
1667,Cat
1668,Dog
1669,Cat
1670,Cat
1671,Cat
1672,Cat
1673,Dog
1674,Cat
1675,Cat
1676,Dog
1677,Dog
1678,Cat
1679,Dog
1680,Cat
1681,Cat
1682,Dog
1683,Dog
1684,Dog
1685,Dog
1686,Cat
1687,Dog
1688,Dog
1689,Dog
1690,Dog
1691,Dog
1692,Dog
1693,Cat
1694,Dog
1695,Dog
1696,Cat
1697,Dog
1698,Dog
1699,Cat
1700,Dog
1701,Cat
1702,Dog
1703,Dog
1704,Dog
1705,Cat
1706,Dog
1707,Cat
1708,Cat
1709,Dog
1710,Cat
1711,Dog
1712,Cat
1713,Dog
1714,Dog
1715,Dog
1716,Cat
1717,Dog
1718,Cat
1719,Dog
1720,Dog
1721,Cat
1722,Cat
1723,Cat
1724,Dog
1725,Cat
1726,Cat
1727,Cat
1728,Dog
1729,Cat
1730,Dog
1731,Dog
1732,Dog
1733,Dog
1734,Dog
1735,Cat
1736,Dog
1737,Dog
1738,Dog
1739,Cat
1740,Dog
1741,Cat
1742,Dog
1743,Dog
1744,Cat
1745,Dog
1746,Cat
1747,Cat
1748,Dog
1749,Dog
1750,Cat
1751,Dog
1752,Dog
1753,Dog
1754,Dog
1755,Dog
1756,Dog
1757,Dog
1758,Cat
1759,Dog
1760,Dog
1761,Cat
1762,Dog
1763,Dog
1764,Dog
1765,Dog
1766,Cat
1767,Dog
1768,Cat
1769,Cat
1770,Cat
1771,Dog
1772,Dog
1773,Dog
1774,Dog
1775,Cat
1776,Dog
1777,Cat
1778,Dog
1779,Dog
1780,Dog
1781,Cat
1782,Cat
1783,Cat
1784,Cat
1785,Dog
1786,Cat
1787,Cat
1788,Dog
1789,Dog
1790,Dog
1791,Dog
1792,Cat
1793,Dog
1794,Dog
1795,Dog
1796,Dog
1797,Cat
1798,Dog
1799,Cat
1800,Dog
1801,Dog
1802,Dog
1803,Cat
1804,Dog
1805,Cat
1806,Cat
1807,Dog
1808,Cat
1809,Dog
1810,Dog
1811,Cat
1812,Dog
1813,Dog
1814,Dog
1815,Dog
1816,Dog
1817,Dog
1818,Cat
1819,Cat
1820,Dog
1821,Dog
1822,Cat
1823,Dog
1824,Cat
1825,Cat
1826,Dog
1827,Cat
1828,Dog
1829,Dog
1830,Cat
1831,Dog
1832,Dog
1833,Cat
1834,Cat
1835,Dog
1836,Dog
1837,Dog
1838,Dog
1839,Dog
1840,Dog
1841,Dog
1842,Dog
1843,Dog
1844,Dog
1845,Dog
1846,Cat
1847,Dog
1848,Dog
1849,Dog
1850,Dog
1851,Dog
1852,Dog
1853,Cat
1854,Dog
1855,Dog
1856,Dog
1857,Cat
1858,Dog
1859,Dog
1860,Dog
1861,Cat
1862,Dog
1863,Dog
1864,Dog
1865,Dog
1866,Dog
1867,Dog
1868,Dog
1869,Dog
1870,Cat
1871,Dog
1872,Dog
1873,Dog
1874,Cat
1875,Dog
1876,Dog
1877,Cat
1878,Dog
1879,Dog
1880,Cat
1881,Dog
1882,Dog
1883,Dog
1884,Cat
1885,Dog
1886,Dog
1887,Dog
1888,Dog
1889,Dog
1890,Dog
1891,Dog
1892,Cat
1893,Cat
1894,Cat
1895,Cat
1896,Dog
1897,Cat
1898,Dog
1899,Dog
1900,Cat
1901,Dog
1902,Cat
1903,Cat
1904,Dog
1905,Cat
1906,Dog
1907,Dog
1908,Dog
1909,Cat
1910,Dog
1911,Cat
1912,Dog
1913,Cat
1914,Cat
1915,Cat
1916,Dog
1917,Dog
1918,Dog
1919,Dog
1920,Cat
1921,Cat
1922,Cat
1923,Dog
1924,Dog
1925,Dog
1926,Dog
1927,Dog
1928,Dog
1929,Dog
1930,Dog
1931,Dog
1932,Dog
1933,Cat
1934,Dog
1935,Dog
1936,Dog
1937,Dog
1938,Cat
1939,Dog
1940,Dog
1941,Cat
1942,Dog
1943,Cat
1944,Dog
1945,Dog
1946,Dog
1947,Dog
1948,Dog
1949,Cat
1950,Cat
1951,Dog
1952,Cat
1953,Dog
1954,Cat
1955,Dog
1956,Dog
1957,Dog
1958,Cat
1959,Dog
1960,Dog
1961,Cat
1962,Dog
1963,Cat
1964,Cat
1965,Dog
1966,Dog
1967,Cat
1968,Dog
1969,Dog
1970,Dog
1971,Dog
1972,Dog
1973,Dog
1974,Dog
1975,Dog
1976,Cat
1977,Cat
1978,Dog
1979,Dog
1980,Dog
1981,Dog
1982,Cat
1983,Dog
1984,Dog
1985,Dog
1986,Dog
1987,Dog
1988,Dog
1989,Cat
1990,Cat
1991,Dog
1992,Cat
1993,Cat
1994,Cat
1995,Cat
1996,Dog
1997,Cat
1998,Cat
1999,Dog
2000,Dog
2001,Dog
2002,Cat
2003,Dog
2004,Dog
2005,Cat
2006,Dog
2007,Dog
2008,Dog
2009,Cat
2010,Cat
2011,Dog
2012,Cat
2013,Cat
2014,Cat
2015,Cat
2016,Cat
2017,Dog
2018,Dog
2019,Dog
2020,Cat
2021,Dog
2022,Dog
2023,Cat
2024,Dog
2025,Dog
2026,Cat
2027,Dog
2028,Dog
2029,Dog
2030,Dog
2031,Dog
2032,Dog
2033,Cat
2034,Dog
2035,Dog
2036,Dog
2037,Cat
2038,Cat
2039,Dog
2040,Dog
2041,Dog
2042,Dog
2043,Dog
2044,Dog
2045,Cat
2046,Dog
2047,Cat
2048,Dog
2049,Cat
2050,Dog
2051,Cat
2052,Dog
2053,Cat
2054,Cat
2055,Dog
2056,Cat
2057,Dog
2058,Dog
2059,Dog
2060,Dog
2061,Dog
2062,Dog
2063,Dog
2064,Cat
2065,Cat
2066,Cat
2067,Dog
2068,Dog
2069,Dog
2070,Cat
2071,Dog
2072,Dog
2073,Dog
2074,Cat
2075,Dog
2076,Dog
2077,Dog
2078,Dog
2079,Cat
2080,Cat
2081,Dog
2082,Dog
2083,Dog
2084,Dog
2085,Dog
2086,Dog
2087,Cat
2088,Cat
2089,Dog
2090,Cat
2091,Dog
2092,Dog
2093,Dog
2094,Cat
2095,Cat
2096,Cat
2097,Dog
2098,Cat
2099,Cat
2100,Dog
2101,Cat
2102,Dog
2103,Dog
2104,Dog
2105,Dog
2106,Cat
2107,Dog
2108,Dog
2109,Dog
2110,Cat
2111,Dog
2112,Dog
2113,Dog
2114,Cat
2115,Cat
2116,Dog
2117,Dog
2118,Dog
2119,Cat
2120,Dog
2121,Cat
2122,Cat
2123,Dog
2124,Dog
2125,Dog
2126,Dog
2127,Cat
2128,Cat
2129,Dog
2130,Dog
2131,Cat
2132,Dog
2133,Dog
2134,Dog
2135,Dog
2136,Dog
2137,Dog
2138,Dog
2139,Dog
2140,Dog
2141,Dog
2142,Cat
2143,Dog
2144,Dog
2145,Dog
2146,Dog
2147,Cat
2148,Dog
2149,Dog
2150,Dog
2151,Dog
2152,Dog
2153,Cat
2154,Dog
2155,Cat
2156,Dog
2157,Cat
2158,Dog
2159,Cat
2160,Dog
2161,Dog
2162,Dog
2163,Cat
2164,Dog
2165,Dog
2166,Cat
2167,Dog
2168,Cat
2169,Dog
2170,Dog
2171,Dog
2172,Dog
2173,Dog
2174,Cat
2175,Dog
2176,Dog
2177,Dog
2178,Dog
2179,Dog
2180,Dog
2181,Cat
2182,Dog
2183,Dog
2184,Cat
2185,Dog
2186,Dog
2187,Dog
2188,Dog
2189,Dog
2190,Dog
2191,Cat
2192,Dog
2193,Dog
2194,Cat
2195,Dog
2196,Dog
2197,Dog
2198,Dog
2199,Cat
2200,Cat
2201,Dog
2202,Dog
2203,Dog
2204,Cat
2205,Dog
2206,Dog
2207,Dog
2208,Dog
2209,Dog
2210,Dog
2211,Dog
2212,Dog
2213,Dog
2214,Dog
2215,Dog
2216,Dog
2217,Dog
2218,Dog
2219,Cat
2220,Cat
2221,Dog
2222,Cat
2223,Cat
2224,Dog
2225,Dog
2226,Dog
2227,Cat
2228,Dog
2229,Dog
2230,Dog
2231,Dog
2232,Cat
2233,Cat
2234,Dog
2235,Cat
2236,Dog
2237,Cat
2238,Dog
2239,Cat
2240,Cat
2241,Cat
2242,Dog
2243,Dog
2244,Dog
2245,Dog
2246,Dog
2247,Dog
2248,Cat
2249,Dog
2250,Cat
2251,Dog
2252,Dog
2253,Dog
2254,Dog
2255,Dog
2256,Dog
2257,Dog
2258,Cat
2259,Dog
2260,Dog
2261,Dog
2262,Cat
2263,Cat
2264,Dog
2265,Dog
2266,Dog
2267,Cat
2268,Dog
2269,Cat
2270,Dog
2271,Dog
2272,Cat
2273,Dog
2274,Dog
2275,Cat
2276,Dog
2277,Cat
2278,Dog
2279,Dog
2280,Cat
2281,Cat
2282,Dog
2283,Dog
2284,Dog
2285,Cat
2286,Dog
2287,Dog
2288,Dog
2289,Dog
2290,Dog
2291,Dog
2292,Cat
2293,Dog
2294,Cat
2295,Dog
2296,Dog
2297,Dog
2298,Dog
2299,Dog
2300,Cat
2301,Cat
2302,Cat
2303,Dog
2304,Cat
2305,Cat
2306,Cat
2307,Dog
2308,Cat
2309,Dog
2310,Cat
2311,Dog
2312,Dog
2313,Cat
2314,Dog
2315,Cat
2316,Dog
2317,Dog
2318,Dog
2319,Cat
2320,Cat
2321,Cat
2322,Dog
2323,Dog
2324,Cat
2325,Dog
2326,Dog
2327,Dog
2328,Dog
2329,Dog
2330,Dog
2331,Cat
2332,Cat
2333,Dog
2334,Dog
2335,Dog
2336,Cat
2337,Dog
2338,Dog
2339,Cat
2340,Dog
2341,Dog
2342,Cat
2343,Dog
2344,Dog
2345,Dog
2346,Dog
2347,Dog
2348,Dog
2349,Dog
2350,Cat
2351,Dog
2352,Dog
2353,Dog
2354,Dog
2355,Cat
2356,Dog
2357,Dog
2358,Dog
2359,Cat
2360,Cat
2361,Dog
2362,Dog
2363,Dog
2364,Dog
2365,Dog
2366,Dog
2367,Dog
2368,Cat
2369,Dog
2370,Dog
2371,Cat
2372,Dog
2373,Cat
2374,Dog
2375,Dog
2376,Dog
2377,Cat
2378,Cat
2379,Dog
2380,Dog
2381,Cat
2382,Cat
2383,Dog
2384,Dog
2385,Dog
2386,Dog
2387,Cat
2388,Dog
2389,Dog
2390,Dog
2391,Dog
2392,Dog
2393,Dog
2394,Cat
2395,Cat
2396,Dog
2397,Dog
2398,Dog
2399,Cat
2400,Dog
2401,Cat
2402,Cat
2403,Cat
2404,Cat
2405,Dog
2406,Dog
2407,Dog
2408,Dog
2409,Cat
2410,Cat
2411,Dog
2412,Dog
2413,Dog
2414,Dog
2415,Cat
2416,Dog
2417,Dog
2418,Cat
2419,Dog
2420,Cat
2421,Dog
2422,Dog
2423,Dog
2424,Dog
2425,Dog
2426,Dog
2427,Dog
2428,Dog
2429,Cat
2430,Cat
2431,Dog
2432,Cat
2433,Dog
2434,Cat
2435,Cat
2436,Cat
2437,Dog
2438,Dog
2439,Dog
2440,Cat
2441,Cat
2442,Dog
2443,Dog
2444,Dog
2445,Dog
2446,Dog
2447,Cat
2448,Dog
2449,Dog
2450,Dog
2451,Dog
2452,Cat
2453,Cat
2454,Cat
2455,Cat
2456,Cat
2457,Cat
2458,Dog
2459,Dog
2460,Dog
2461,Dog
2462,Cat
2463,Dog
2464,Dog
2465,Cat
2466,Dog
2467,Cat
2468,Cat
2469,Dog
2470,Dog
2471,Dog
2472,Cat
2473,Cat
2474,Cat
2475,Cat
2476,Dog
2477,Dog
2478,Cat
2479,Dog
2480,Dog
2481,Cat
2482,Dog
2483,Dog
2484,Dog
2485,Cat
2486,Dog
2487,Dog
2488,Dog
2489,Dog
2490,Cat
2491,Cat
2492,Dog
2493,Dog
2494,Cat
2495,Dog
2496,Dog
2497,Cat
2498,Cat
2499,Dog
2500,Dog
2501,Dog
2502,Cat
2503,Dog
2504,Cat
2505,Cat
2506,Cat
2507,Cat
2508,Dog
2509,Cat
2510,Dog
2511,Dog
2512,Dog
2513,Cat
2514,Dog
2515,Dog
2516,Cat
2517,Cat
2518,Dog
2519,Cat
2520,Cat
2521,Cat
2522,Dog
2523,Dog
2524,Dog
2525,Dog
2526,Dog
2527,Dog
2528,Cat
2529,Dog
2530,Dog
2531,Dog
2532,Cat
2533,Cat
2534,Dog
2535,Cat
2536,Dog
2537,Dog
2538,Dog
2539,Dog
2540,Cat
2541,Cat
2542,Dog
2543,Cat
2544,Dog
2545,Cat
2546,Dog
2547,Dog
2548,Cat
2549,Dog
2550,Dog
2551,Cat
2552,Cat
2553,Cat
2554,Dog
2555,Cat
2556,Dog
2557,Dog
2558,Dog
2559,Cat
2560,Cat
2561,Dog
2562,Dog
2563,Cat
2564,Dog
2565,Cat
2566,Cat
2567,Dog
2568,Dog
2569,Cat
2570,Cat
2571,Cat
2572,Cat
2573,Dog
2574,Dog
2575,Dog
2576,Dog
2577,Dog
2578,Dog
2579,Cat
2580,Cat
2581,Cat
2582,Cat
2583,Cat
2584,Dog
2585,Dog
2586,Cat
2587,Dog
2588,Cat
2589,Cat
2590,Cat
2591,Dog
2592,Dog
2593,Cat
2594,Cat
2595,Dog
2596,Dog
2597,Cat
2598,Dog
2599,Dog
2600,Dog
2601,Cat
2602,Dog
2603,Cat
2604,Dog
2605,Cat
2606,Dog
2607,Cat
2608,Dog
2609,Cat
2610,Cat
2611,Dog
2612,Dog
2613,Cat
2614,Cat
2615,Dog
2616,Dog
2617,Dog
2618,Cat
2619,Cat
2620,Dog
2621,Dog
2622,Dog
2623,Dog
2624,Cat
2625,Cat
2626,Dog
2627,Dog
2628,Cat
2629,Dog
2630,Dog
2631,Dog
2632,Cat
2633,Dog
2634,Dog
2635,Dog
2636,Dog
2637,Dog
2638,Cat
2639,Dog
2640,Dog
2641,Dog
2642,Dog
2643,Dog
2644,Cat
2645,Dog
2646,Cat
2647,Cat
2648,Dog
2649,Cat
2650,Dog
2651,Dog
2652,Cat
2653,Cat
2654,Cat
2655,Dog
2656,Dog
2657,Cat
2658,Dog
2659,Cat
2660,Dog
2661,Dog
2662,Cat
2663,Dog
2664,Dog
2665,Cat
2666,Cat
2667,Dog
2668,Dog
2669,Cat
2670,Cat
2671,Cat
2672,Dog
2673,Cat
2674,Dog
2675,Dog
2676,Dog
2677,Dog
2678,Cat
2679,Cat
2680,Dog
2681,Cat
2682,Dog
2683,Cat
2684,Dog
2685,Cat
2686,Dog
2687,Cat
2688,Cat
2689,Cat
2690,Dog
2691,Dog
2692,Dog
2693,Cat
2694,Cat
2695,Dog
2696,Dog
2697,Dog
2698,Dog
2699,Dog
2700,Dog
2701,Dog
2702,Dog
2703,Cat
2704,Dog
2705,Dog
2706,Cat
2707,Dog
2708,Cat
2709,Dog
2710,Cat
2711,Cat
2712,Cat
2713,Dog
2714,Dog
2715,Dog
2716,Dog
2717,Dog
2718,Dog
2719,Cat
2720,Dog
2721,Dog
2722,Dog
2723,Dog
2724,Dog
2725,Dog
2726,Dog
2727,Dog
2728,Cat
2729,Dog
2730,Cat
2731,Dog
2732,Dog
2733,Cat
2734,Cat
2735,Cat
2736,Cat
2737,Dog
2738,Cat
2739,Cat
2740,Dog
2741,Cat
2742,Dog
2743,Dog
2744,Dog
2745,Dog
2746,Cat
2747,Cat
2748,Cat
2749,Dog
2750,Cat
2751,Cat
2752,Dog
2753,Dog
2754,Dog
2755,Cat
2756,Dog
2757,Dog
2758,Dog
2759,Dog
2760,Dog
2761,Dog
2762,Dog
2763,Cat
2764,Dog
2765,Dog
2766,Cat
2767,Cat
2768,Cat
2769,Cat
2770,Dog
2771,Dog
2772,Dog
2773,Dog
2774,Dog
2775,Cat
2776,Cat
2777,Cat
2778,Dog
2779,Cat
2780,Dog
2781,Cat
2782,Cat
2783,Dog
2784,Cat
2785,Dog
2786,Dog
2787,Dog
2788,Cat
2789,Dog
2790,Dog
2791,Dog
2792,Dog
2793,Cat
2794,Dog
2795,Cat
2796,Dog
2797,Cat
2798,Cat
2799,Cat
2800,Dog
2801,Cat
2802,Dog
2803,Cat
2804,Cat
2805,Cat
2806,Cat
2807,Dog
2808,Dog
2809,Dog
2810,Dog
2811,Dog
2812,Dog
2813,Cat
2814,Dog
2815,Dog
2816,Cat
2817,Dog
2818,Dog
2819,Dog
2820,Dog
2821,Cat
2822,Cat
2823,Cat
2824,Dog
2825,Dog
2826,Cat
2827,Dog
2828,Dog
2829,Dog
2830,Cat
2831,Dog
2832,Cat
2833,Cat
2834,Dog
2835,Dog
2836,Cat
2837,Dog
2838,Cat
2839,Dog
2840,Dog
2841,Dog
2842,Dog
2843,Dog
2844,Cat
2845,Cat
2846,Dog
2847,Dog
2848,Dog
2849,Cat
2850,Dog
2851,Dog
2852,Dog
2853,Cat
2854,Cat
2855,Dog
2856,Dog
2857,Cat
2858,Cat
2859,Cat
2860,Dog
2861,Cat
2862,Dog
2863,Dog
2864,Dog
2865,Cat
2866,Dog
2867,Dog
2868,Cat
2869,Dog
2870,Cat
2871,Dog
2872,Dog
2873,Dog
2874,Cat
2875,Dog
2876,Dog
2877,Dog
2878,Dog
2879,Dog
2880,Cat
2881,Dog
2882,Dog
2883,Dog
2884,Dog
2885,Dog
2886,Cat
2887,Cat
2888,Cat
2889,Dog
2890,Dog
2891,Cat
2892,Dog
2893,Cat
2894,Cat
2895,Dog
2896,Dog
2897,Dog
2898,Dog
2899,Cat
2900,Dog
2901,Dog
2902,Dog
2903,Dog
2904,Dog
2905,Dog
2906,Dog
2907,Dog
2908,Cat
2909,Cat
2910,Cat
2911,Dog
2912,Dog
2913,Cat
2914,Dog
2915,Cat
2916,Dog
2917,Dog
2918,Cat
2919,Dog
2920,Cat
2921,Cat
2922,Cat
2923,Cat
2924,Cat
2925,Dog
2926,Cat
2927,Dog
2928,Dog
2929,Dog
2930,Cat
2931,Dog
2932,Cat
2933,Cat
2934,Dog
2935,Dog
2936,Dog
2937,Dog
2938,Dog
2939,Dog
2940,Cat
2941,Cat
2942,Cat
2943,Cat
2944,Dog
2945,Dog
2946,Dog
2947,Dog
2948,Dog
2949,Cat
2950,Cat
2951,Cat
2952,Dog
2953,Cat
2954,Dog
2955,Cat
2956,Dog
2957,Cat
2958,Dog
2959,Cat
2960,Cat
2961,Dog
2962,Cat
2963,Dog
2964,Dog
2965,Dog
2966,Dog
2967,Dog
2968,Cat
2969,Dog
2970,Dog
2971,Dog
2972,Dog
2973,Dog
2974,Cat
2975,Dog
2976,Cat
2977,Dog
2978,Dog
2979,Dog
2980,Cat
2981,Cat
2982,Dog
2983,Dog
2984,Dog
2985,Dog
2986,Cat
2987,Dog
2988,Cat
2989,Dog
2990,Dog
2991,Dog
2992,Dog
2993,Dog
2994,Dog
2995,Dog
2996,Dog
2997,Cat
2998,Cat
2999,Cat
3000,Dog
3001,Cat
3002,Dog
3003,Dog
3004,Cat
3005,Dog
3006,Dog
3007,Cat
3008,Cat
3009,Cat
3010,Cat
3011,Dog
3012,Dog
3013,Dog
3014,Dog
3015,Dog
3016,Cat
3017,Dog
3018,Dog
3019,Dog
3020,Cat
3021,Dog
3022,Dog
3023,Dog
3024,Cat
3025,Cat
3026,Dog
3027,Cat
3028,Cat
3029,Cat
3030,Cat
3031,Dog
3032,Cat
3033,Dog
3034,Dog
3035,Dog
3036,Cat
3037,Dog
3038,Dog
3039,Cat
3040,Dog
3041,Dog
3042,Dog
3043,Dog
3044,Dog
3045,Cat
3046,Dog
3047,Cat
3048,Dog
3049,Dog
3050,Dog
3051,Cat
3052,Cat
3053,Dog
3054,Dog
3055,Dog
3056,Dog
3057,Dog
3058,Dog
3059,Dog
3060,Dog
3061,Cat
3062,Cat
3063,Dog
3064,Cat
3065,Cat
3066,Dog
3067,Cat
3068,Cat
3069,Dog
3070,Dog
3071,Cat
3072,Dog
3073,Dog
3074,Dog
3075,Cat
3076,Dog
3077,Cat
3078,Dog
3079,Dog
3080,Cat
3081,Dog
3082,Dog
3083,Dog
3084,Dog
3085,Cat
3086,Cat
3087,Dog
3088,Dog
3089,Cat
3090,Dog
3091,Cat
3092,Cat
3093,Dog
3094,Dog
3095,Dog
3096,Dog
3097,Cat
3098,Dog
3099,Cat
3100,Dog
3101,Cat
3102,Dog
3103,Cat
3104,Dog
3105,Dog
3106,Dog
3107,Cat
3108,Cat
3109,Dog
3110,Dog
3111,Cat
3112,Dog
3113,Dog
3114,Dog
3115,Cat
3116,Dog
3117,Dog
3118,Dog
3119,Cat
3120,Dog
3121,Dog
3122,Cat
3123,Dog
3124,Cat
3125,Dog
3126,Dog
3127,Cat
3128,Cat
3129,Dog
3130,Dog
3131,Cat
3132,Dog
3133,Cat
3134,Cat
3135,Cat
3136,Dog
3137,Cat
3138,Dog
3139,Cat
3140,Dog
3141,Cat
3142,Dog
3143,Dog
3144,Cat
3145,Dog
3146,Cat
3147,Cat
3148,Dog
3149,Cat
3150,Dog
3151,Dog
3152,Dog
3153,Dog
3154,Dog
3155,Dog
3156,Cat
3157,Dog
3158,Dog
3159,Cat
3160,Cat
3161,Cat
3162,Dog
3163,Dog
3164,Dog
3165,Cat
3166,Dog
3167,Dog
3168,Dog
3169,Cat
3170,Dog
3171,Cat
3172,Cat
3173,Dog
3174,Cat
3175,Cat
3176,Dog
3177,Dog
3178,Cat
3179,Cat
3180,Dog
3181,Dog
3182,Dog
3183,Dog
3184,Dog
3185,Dog
3186,Dog
3187,Cat
3188,Dog
3189,Cat
3190,Cat
3191,Dog
3192,Dog
3193,Dog
3194,Dog
3195,Dog
3196,Cat
3197,Dog
3198,Dog
3199,Dog
3200,Dog
3201,Cat
3202,Dog
3203,Dog
3204,Cat
3205,Dog
3206,Dog
3207,Dog
3208,Cat
3209,Dog
3210,Dog
3211,Dog
3212,Dog
3213,Dog
3214,Dog
3215,Cat
3216,Dog
3217,Dog
3218,Cat
3219,Dog
3220,Cat
3221,Dog
3222,Cat
3223,Dog
3224,Dog
3225,Dog
3226,Cat
3227,Dog
3228,Dog
3229,Cat
3230,Dog
3231,Cat
3232,Dog
3233,Cat
3234,Dog
3235,Dog
3236,Dog
3237,Dog
3238,Dog
3239,Dog
3240,Dog
3241,Cat
3242,Dog
3243,Cat
3244,Cat
3245,Dog
3246,Cat
3247,Cat
3248,Cat
3249,Cat
3250,Dog
3251,Dog
3252,Dog
3253,Cat
3254,Cat
3255,Cat
3256,Cat
3257,Cat
3258,Dog
3259,Cat
3260,Cat
3261,Dog
3262,Cat
3263,Cat
3264,Cat
3265,Cat
3266,Dog
3267,Cat
3268,Dog
3269,Cat
3270,Dog
3271,Cat
3272,Dog
3273,Cat
3274,Cat
3275,Cat
3276,Dog
3277,Dog
3278,Dog
3279,Cat
3280,Dog
3281,Cat
3282,Cat
3283,Dog
3284,Dog
3285,Dog
3286,Dog
3287,Dog
3288,Cat
3289,Dog
3290,Dog
3291,Cat
3292,Cat
3293,Dog
3294,Cat
3295,Cat
3296,Dog
3297,Dog
3298,Cat
3299,Dog
3300,Dog
3301,Cat
3302,Dog
3303,Dog
3304,Dog
3305,Dog
3306,Cat
3307,Cat
3308,Dog
3309,Dog
3310,Dog
3311,Dog
3312,Cat
3313,Cat
3314,Cat
3315,Dog
3316,Cat
3317,Dog
3318,Cat
3319,Cat
3320,Dog
3321,Cat
3322,Cat
3323,Cat
3324,Dog
3325,Cat
3326,Dog
3327,Cat
3328,Dog
3329,Dog
3330,Dog
3331,Dog
3332,Dog
3333,Dog
3334,Dog
3335,Cat
3336,Dog
3337,Cat
3338,Dog
3339,Dog
3340,Dog
3341,Dog
3342,Dog
3343,Dog
3344,Cat
3345,Dog
3346,Dog
3347,Dog
3348,Dog
3349,Cat
3350,Dog
3351,Dog
3352,Cat
3353,Dog
3354,Dog
3355,Dog
3356,Cat
3357,Cat
3358,Dog
3359,Dog
3360,Cat
3361,Dog
3362,Dog
3363,Dog
3364,Dog
3365,Dog
3366,Cat
3367,Cat
3368,Dog
3369,Dog
3370,Dog
3371,Dog
3372,Dog
3373,Dog
3374,Dog
3375,Cat
3376,Dog
3377,Dog
3378,Dog
3379,Dog
3380,Dog
3381,Dog
3382,Cat
3383,Dog
3384,Cat
3385,Dog
3386,Dog
3387,Cat
3388,Dog
3389,Dog
3390,Dog
3391,Dog
3392,Dog
3393,Dog
3394,Dog
3395,Cat
3396,Dog
3397,Cat
3398,Dog
3399,Dog
3400,Cat
3401,Cat
3402,Cat
3403,Dog
3404,Dog
3405,Dog
3406,Dog
3407,Cat
3408,Dog
3409,Dog
3410,Cat
3411,Dog
3412,Cat
3413,Dog
3414,Dog
3415,Cat
3416,Dog
3417,Dog
3418,Cat
3419,Dog
3420,Cat
3421,Dog
3422,Dog
3423,Dog
3424,Dog
3425,Dog
3426,Cat
3427,Cat
3428,Cat
3429,Dog
3430,Dog
3431,Dog
3432,Dog
3433,Dog
3434,Dog
3435,Dog
3436,Dog
3437,Cat
3438,Dog
3439,Cat
3440,Dog
3441,Dog
3442,Cat
3443,Dog
3444,Dog
3445,Dog
3446,Dog
3447,Dog
3448,Dog
3449,Cat
3450,Cat
3451,Cat
3452,Dog
3453,Dog
3454,Dog
3455,Cat
3456,Dog
3457,Dog
3458,Dog
3459,Cat
3460,Dog
3461,Dog
3462,Dog
3463,Cat
3464,Dog
3465,Dog
3466,Dog
3467,Dog
3468,Dog
3469,Dog
3470,Dog
3471,Cat
3472,Cat
3473,Dog
3474,Dog
3475,Cat
3476,Dog
3477,Cat
3478,Cat
3479,Dog
3480,Dog
3481,Dog
3482,Cat
3483,Cat
3484,Cat
3485,Cat
3486,Dog
3487,Dog
3488,Dog
3489,Dog
3490,Dog
3491,Dog
3492,Dog
3493,Dog
3494,Cat
3495,Dog
3496,Dog
3497,Cat
3498,Dog
3499,Dog
3500,Dog
3501,Cat
3502,Dog
3503,Cat
3504,Cat
3505,Cat
3506,Dog
3507,Dog
3508,Cat
3509,Cat
3510,Dog
3511,Dog
3512,Dog
3513,Dog
3514,Dog
3515,Dog
3516,Cat
3517,Cat
3518,Dog
3519,Cat
3520,Cat
3521,Cat
3522,Cat
3523,Dog
3524,Dog
3525,Dog
3526,Dog
3527,Cat
3528,Dog
3529,Dog
3530,Dog
3531,Dog
3532,Cat
3533,Dog
3534,Cat
3535,Cat
3536,Cat
3537,Dog
3538,Dog
3539,Dog
3540,Cat
3541,Dog
3542,Dog
3543,Dog
3544,Cat
3545,Dog
3546,Cat
3547,Dog
3548,Dog
3549,Dog
3550,Dog
3551,Dog
3552,Dog
3553,Dog
3554,Dog
3555,Cat
3556,Cat
3557,Dog
3558,Cat
3559,Dog
3560,Cat
3561,Dog
3562,Cat
3563,Dog
3564,Cat
3565,Dog
3566,Dog
3567,Cat
3568,Cat
3569,Cat
3570,Dog
3571,Dog
3572,Dog
3573,Dog
3574,Cat
3575,Cat
3576,Dog
3577,Dog
3578,Dog
3579,Dog
3580,Cat
3581,Cat
3582,Cat
3583,Dog
3584,Cat
3585,Cat
3586,Dog
3587,Dog
3588,Cat
3589,Dog
3590,Cat
3591,Cat
3592,Dog
3593,Cat
3594,Cat
3595,Dog
3596,Dog
3597,Dog
3598,Cat
3599,Dog
3600,Dog
3601,Dog
3602,Dog
3603,Dog
3604,Dog
3605,Dog
3606,Dog
3607,Cat
3608,Dog
3609,Cat
3610,Dog
3611,Dog
3612,Cat
3613,Cat
3614,Cat
3615,Cat
3616,Cat
3617,Dog
3618,Cat
3619,Dog
3620,Cat
3621,Cat
3622,Cat
3623,Dog
3624,Dog
3625,Cat
3626,Dog
3627,Dog
3628,Dog
3629,Dog
3630,Dog
3631,Cat
3632,Cat
3633,Cat
3634,Dog
3635,Cat
3636,Dog
3637,Cat
3638,Dog
3639,Cat
3640,Cat
3641,Cat
3642,Dog
3643,Dog
3644,Dog
3645,Dog
3646,Cat
3647,Dog
3648,Cat
3649,Dog
3650,Cat
3651,Cat
3652,Dog
3653,Dog
3654,Cat
3655,Cat
3656,Cat
3657,Cat
3658,Dog
3659,Cat
3660,Cat
3661,Dog
3662,Cat
3663,Dog
3664,Dog
3665,Dog
3666,Dog
3667,Dog
3668,Cat
3669,Dog
3670,Dog
3671,Cat
3672,Dog
3673,Cat
3674,Dog
3675,Dog
3676,Dog
3677,Dog
3678,Dog
3679,Dog
3680,Dog
3681,Dog
3682,Cat
3683,Dog
3684,Dog
3685,Dog
3686,Dog
3687,Dog
3688,Dog
3689,Cat
3690,Cat
3691,Dog
3692,Dog
3693,Dog
3694,Dog
3695,Dog
3696,Dog
3697,Dog
3698,Dog
3699,Dog
3700,Dog
3701,Dog
3702,Cat
3703,Cat
3704,Dog
3705,Dog
3706,Dog
3707,Dog
3708,Dog
3709,Dog
3710,Cat
3711,Dog
3712,Dog
3713,Dog
3714,Dog
3715,Dog
3716,Dog
3717,Dog
3718,Dog
3719,Cat
3720,Dog
3721,Cat
3722,Dog
3723,Dog
3724,Dog
3725,Dog
3726,Cat
3727,Dog
3728,Cat
3729,Cat
3730,Cat
3731,Dog
3732,Dog
3733,Dog
3734,Cat
3735,Cat
3736,Cat
3737,Cat
3738,Dog
3739,Dog
3740,Cat
3741,Dog
3742,Dog
3743,Dog
3744,Dog
3745,Dog
3746,Cat
3747,Cat
3748,Dog
3749,Cat
3750,Cat
3751,Dog
3752,Dog
3753,Dog
3754,Dog
3755,Dog
3756,Cat
3757,Dog
3758,Dog
3759,Dog
3760,Cat
3761,Dog
3762,Dog
3763,Dog
3764,Cat
3765,Dog
3766,Cat
3767,Dog
3768,Cat
3769,Cat
3770,Dog
3771,Cat
3772,Dog
3773,Dog
3774,Dog
3775,Dog
3776,Dog
3777,Dog
3778,Cat
3779,Dog
3780,Dog
3781,Dog
3782,Dog
3783,Dog
3784,Cat
3785,Cat
3786,Cat
3787,Dog
3788,Dog
3789,Cat
3790,Cat
3791,Cat
3792,Dog
3793,Dog
3794,Dog
3795,Dog
3796,Dog
3797,Dog
3798,Dog
3799,Dog
3800,Cat
3801,Cat
3802,Dog
3803,Dog
3804,Cat
3805,Dog
3806,Dog
3807,Dog
3808,Dog
3809,Dog
3810,Dog
3811,Dog
3812,Dog
3813,Dog
3814,Cat
3815,Dog
3816,Dog
3817,Dog
3818,Cat
3819,Cat
3820,Dog
3821,Cat
3822,Dog
3823,Dog
3824,Cat
3825,Dog
3826,Dog
3827,Dog
3828,Dog
3829,Dog
3830,Dog
3831,Dog
3832,Cat
3833,Dog
3834,Dog
3835,Cat
3836,Cat
3837,Dog
3838,Dog
3839,Dog
3840,Dog
3841,Cat
3842,Dog
3843,Cat
3844,Dog
3845,Dog
3846,Dog
3847,Cat
3848,Dog
3849,Cat
3850,Dog
3851,Dog
3852,Dog
3853,Dog
3854,Dog
3855,Dog
3856,Dog
3857,Cat
3858,Dog
3859,Cat
3860,Dog
3861,Cat
3862,Cat
3863,Dog
3864,Dog
3865,Dog
3866,Dog
3867,Cat
3868,Cat
3869,Cat
3870,Dog
3871,Dog
3872,Dog
3873,Dog
3874,Dog
3875,Dog
3876,Dog
3877,Cat
3878,Dog
3879,Dog
3880,Cat
3881,Dog
3882,Cat
3883,Cat
3884,Dog
3885,Cat
3886,Cat
3887,Cat
3888,Dog
3889,Dog
3890,Dog
3891,Cat
3892,Dog
3893,Dog
3894,Cat
3895,Dog
3896,Dog
3897,Dog
3898,Dog
3899,Dog
3900,Dog
3901,Dog
3902,Dog
3903,Dog
3904,Dog
3905,Dog
3906,Dog
3907,Dog
3908,Dog
3909,Dog
3910,Dog
3911,Cat
3912,Dog
3913,Dog
3914,Dog
3915,Cat
3916,Dog
3917,Dog
3918,Dog
3919,Dog
3920,Dog
3921,Dog
3922,Dog
3923,Dog
3924,Dog
3925,Dog
3926,Dog
3927,Dog
3928,Cat
3929,Cat
3930,Cat
3931,Dog
3932,Dog
3933,Dog
3934,Dog
3935,Dog
3936,Dog
3937,Dog
3938,Cat
3939,Dog
3940,Dog
3941,Dog
3942,Dog
3943,Dog
3944,Cat
3945,Dog
3946,Cat
3947,Cat
3948,Dog
3949,Dog
3950,Dog
3951,Cat
3952,Dog
3953,Cat
3954,Dog
3955,Cat
3956,Dog
3957,Cat
3958,Dog
3959,Dog
3960,Dog
3961,Dog
3962,Dog
3963,Dog
3964,Cat
3965,Dog
3966,Dog
3967,Cat
3968,Dog
3969,Dog
3970,Cat
3971,Dog
3972,Dog
3973,Dog
3974,Cat
3975,Cat
3976,Cat
3977,Cat
3978,Dog
3979,Dog
3980,Cat
3981,Cat
3982,Cat
3983,Dog
3984,Dog
3985,Cat
3986,Dog
3987,Cat
3988,Dog
3989,Cat
3990,Cat
3991,Dog
3992,Dog
3993,Dog
3994,Dog
3995,Cat
3996,Dog
3997,Dog
3998,Dog
3999,Dog
4000,Dog
4001,Dog
4002,Cat
4003,Dog
4004,Dog
4005,Cat
4006,Dog
4007,Dog
4008,Cat
4009,Dog
4010,Dog
4011,Dog
4012,Dog
4013,Dog
4014,Dog
4015,Dog
4016,Dog
4017,Dog
4018,Dog
4019,Cat
4020,Dog
4021,Dog
4022,Cat
4023,Dog
4024,Dog
4025,Cat
4026,Dog
4027,Cat
4028,Dog
4029,Dog
4030,Cat
4031,Dog
4032,Cat
4033,Cat
4034,Dog
4035,Cat
4036,Dog
4037,Dog
4038,Dog
4039,Dog
4040,Dog
4041,Dog
4042,Dog
4043,Cat
4044,Dog
4045,Dog
4046,Dog
4047,Cat
4048,Cat
4049,Dog
4050,Cat
4051,Dog
4052,Cat
4053,Dog
4054,Dog
4055,Cat
4056,Dog
4057,Dog
4058,Dog
4059,Dog
4060,Cat
4061,Dog
4062,Dog
4063,Dog
4064,Cat
4065,Cat
4066,Cat
4067,Cat
4068,Dog
4069,Dog
4070,Cat
4071,Cat
4072,Cat
4073,Dog
4074,Dog
4075,Dog
4076,Cat
4077,Dog
4078,Dog
4079,Dog
4080,Dog
4081,Cat
4082,Dog
4083,Cat
4084,Cat
4085,Dog
4086,Dog
4087,Dog
4088,Dog
4089,Dog
4090,Cat
4091,Cat
4092,Dog
4093,Dog
4094,Cat
4095,Cat
4096,Cat
4097,Dog
4098,Dog
4099,Dog
4100,Cat
4101,Dog
4102,Dog
4103,Dog
4104,Dog
4105,Dog
4106,Dog
4107,Dog
4108,Dog
4109,Dog
4110,Dog
4111,Dog
4112,Cat
4113,Dog
4114,Dog
4115,Dog
4116,Dog
4117,Cat
4118,Dog
4119,Cat
4120,Dog
4121,Cat
4122,Dog
4123,Dog
4124,Dog
4125,Cat
4126,Cat
4127,Dog
4128,Cat
4129,Cat
4130,Cat
4131,Dog
4132,Dog
4133,Dog
4134,Dog
4135,Dog
4136,Dog
4137,Dog
4138,Dog
4139,Dog
4140,Dog
4141,Cat
4142,Cat
4143,Dog
4144,Dog
4145,Dog
4146,Dog
4147,Cat
4148,Cat
4149,Cat
4150,Dog
4151,Dog
4152,Dog
4153,Dog
4154,Dog
4155,Cat
4156,Cat
4157,Dog
4158,Dog
4159,Cat
4160,Dog
4161,Dog
4162,Dog
4163,Cat
4164,Cat
4165,Dog
4166,Dog
4167,Dog
4168,Dog
4169,Cat
4170,Dog
4171,Dog
4172,Cat
4173,Dog
4174,Dog
4175,Cat
4176,Cat
4177,Dog
4178,Cat
4179,Dog
4180,Dog
4181,Cat
4182,Dog
4183,Dog
4184,Cat
4185,Dog
4186,Dog
4187,Cat
4188,Dog
4189,Dog
4190,Cat
4191,Cat
4192,Dog
4193,Dog
4194,Cat
4195,Cat
4196,Dog
4197,Dog
4198,Dog
4199,Cat
4200,Dog
4201,Dog
4202,Dog
4203,Dog
4204,Dog
4205,Cat
4206,Dog
4207,Dog
4208,Cat
4209,Cat
4210,Cat
4211,Cat
4212,Dog
4213,Dog
4214,Cat
4215,Dog
4216,Dog
4217,Dog
4218,Dog
4219,Dog
4220,Dog
4221,Dog
4222,Dog
4223,Dog
4224,Cat
4225,Dog
4226,Dog
4227,Dog
4228,Dog
4229,Dog
4230,Dog
4231,Cat
4232,Dog
4233,Cat
4234,Cat
4235,Dog
4236,Dog
4237,Cat
4238,Cat
4239,Dog
4240,Dog
4241,Dog
4242,Dog
4243,Dog
4244,Dog
4245,Dog
4246,Dog
4247,Cat
4248,Dog
4249,Dog
4250,Dog
4251,Dog
4252,Dog
4253,Cat
4254,Dog
4255,Dog
4256,Cat
4257,Dog
4258,Dog
4259,Cat
4260,Dog
4261,Dog
4262,Cat
4263,Dog
4264,Dog
4265,Cat
4266,Dog
4267,Dog
4268,Cat
4269,Cat
4270,Cat
4271,Cat
4272,Dog
4273,Dog
4274,Dog
4275,Dog
4276,Dog
4277,Cat
4278,Dog
4279,Dog
4280,Cat
4281,Dog
4282,Dog
4283,Dog
4284,Cat
4285,Dog
4286,Dog
4287,Dog
4288,Dog
4289,Dog
4290,Dog
4291,Cat
4292,Dog
4293,Cat
4294,Dog
4295,Cat
4296,Cat
4297,Cat
4298,Cat
4299,Dog
4300,Dog
4301,Dog
4302,Cat
4303,Dog
4304,Cat
4305,Dog
4306,Dog
4307,Dog
4308,Dog
4309,Cat
4310,Dog
4311,Cat
4312,Dog
4313,Dog
4314,Dog
4315,Cat
4316,Cat
4317,Cat
4318,Dog
4319,Cat
4320,Dog
4321,Dog
4322,Dog
4323,Cat
4324,Cat
4325,Cat
4326,Dog
4327,Cat
4328,Cat
4329,Dog
4330,Dog
4331,Dog
4332,Dog
4333,Dog
4334,Dog
4335,Dog
4336,Cat
4337,Dog
4338,Cat
4339,Dog
4340,Cat
4341,Dog
4342,Cat
4343,Dog
4344,Dog
4345,Cat
4346,Dog
4347,Cat
4348,Dog
4349,Cat
4350,Cat
4351,Dog
4352,Cat
4353,Dog
4354,Cat
4355,Dog
4356,Dog
4357,Dog
4358,Dog
4359,Cat
4360,Dog
4361,Cat
4362,Dog
4363,Dog
4364,Cat
4365,Dog
4366,Cat
4367,Dog
4368,Dog
4369,Dog
4370,Cat
4371,Cat
4372,Dog
4373,Cat
4374,Cat
4375,Dog
4376,Dog
4377,Dog
4378,Cat
4379,Cat
4380,Cat
4381,Dog
4382,Dog
4383,Cat
4384,Dog
4385,Cat
4386,Cat
4387,Cat
4388,Cat
4389,Cat
4390,Dog
4391,Dog
4392,Dog
4393,Dog
4394,Dog
4395,Dog
4396,Dog
4397,Dog
4398,Dog
4399,Dog
4400,Dog
4401,Cat
4402,Dog
4403,Dog
4404,Dog
4405,Cat
4406,Dog
4407,Dog
4408,Dog
4409,Dog
4410,Cat
4411,Dog
4412,Dog
4413,Cat
4414,Cat
4415,Dog
4416,Dog
4417,Dog
4418,Dog
4419,Cat
4420,Dog
4421,Dog
4422,Cat
4423,Cat
4424,Dog
4425,Dog
4426,Dog
4427,Cat
4428,Cat
4429,Cat
4430,Dog
4431,Dog
4432,Dog
4433,Cat
4434,Dog
4435,Cat
4436,Dog
4437,Cat
4438,Dog
4439,Dog
4440,Dog
4441,Cat
4442,Dog
4443,Dog
4444,Dog
4445,Dog
4446,Cat
4447,Cat
4448,Dog
4449,Dog
4450,Dog
4451,Cat
4452,Dog
4453,Dog
4454,Cat
4455,Dog
4456,Dog
4457,Dog
4458,Dog
4459,Cat
4460,Dog
4461,Cat
4462,Dog
4463,Dog
4464,Dog
4465,Dog
4466,Dog
4467,Cat
4468,Cat
4469,Cat
4470,Dog
4471,Dog
4472,Dog
4473,Cat
4474,Cat
4475,Dog
4476,Dog
4477,Dog
4478,Dog
4479,Dog
4480,Cat
4481,Cat
4482,Dog
4483,Cat
4484,Dog
4485,Cat
4486,Dog
4487,Cat
4488,Cat
4489,Dog
4490,Cat
4491,Dog
4492,Dog
4493,Dog
4494,Dog
4495,Dog
4496,Dog
4497,Dog
4498,Dog
4499,Dog
4500,Dog
4501,Dog
4502,Dog
4503,Dog
4504,Cat
4505,Dog
4506,Dog
4507,Dog
4508,Cat
4509,Cat
4510,Cat
4511,Dog
4512,Cat
4513,Dog
4514,Cat
4515,Cat
4516,Dog
4517,Dog
4518,Dog
4519,Dog
4520,Dog
4521,Dog
4522,Cat
4523,Cat
4524,Dog
4525,Dog
4526,Dog
4527,Cat
4528,Dog
4529,Dog
4530,Dog
4531,Dog
4532,Dog
4533,Dog
4534,Cat
4535,Dog
4536,Dog
4537,Dog
4538,Cat
4539,Cat
4540,Cat
4541,Dog
4542,Cat
4543,Dog
4544,Cat
4545,Dog
4546,Dog
4547,Dog
4548,Cat
4549,Dog
4550,Dog
4551,Dog
4552,Dog
4553,Cat
4554,Dog
4555,Cat
4556,Dog
4557,Cat
4558,Dog
4559,Dog
4560,Dog
4561,Cat
4562,Dog
4563,Dog
4564,Dog
4565,Dog
4566,Cat
4567,Dog
4568,Dog
4569,Dog
4570,Dog
4571,Cat
4572,Dog
4573,Dog
4574,Dog
4575,Dog
4576,Dog
4577,Dog
4578,Cat
4579,Cat
4580,Dog
4581,Dog
4582,Cat
4583,Dog
4584,Dog
4585,Cat
4586,Dog
4587,Cat
4588,Dog
4589,Dog
4590,Dog
4591,Cat
4592,Dog
4593,Dog
4594,Dog
4595,Dog
4596,Dog
4597,Dog
4598,Cat
4599,Cat
4600,Dog
4601,Cat
4602,Dog
4603,Dog
4604,Dog
4605,Dog
4606,Dog
4607,Dog
4608,Cat
4609,Cat
4610,Dog
4611,Dog
4612,Dog
4613,Dog
4614,Dog
4615,Cat
4616,Dog
4617,Dog
4618,Dog
4619,Cat
4620,Dog
4621,Cat
4622,Dog
4623,Dog
4624,Dog
4625,Dog
4626,Dog
4627,Dog
4628,Cat
4629,Dog
4630,Dog
4631,Dog
4632,Dog
4633,Dog
4634,Cat
4635,Dog
4636,Dog
4637,Dog
4638,Cat
4639,Dog
4640,Cat
4641,Dog
4642,Cat
4643,Dog
4644,Dog
4645,Dog
4646,Dog
4647,Dog
4648,Cat
4649,Cat
4650,Dog
4651,Dog
4652,Dog
4653,Dog
4654,Dog
4655,Dog
4656,Dog
4657,Dog
4658,Dog
4659,Dog
4660,Dog
4661,Cat
4662,Cat
4663,Dog
4664,Dog
4665,Cat
4666,Cat
4667,Dog
4668,Cat
4669,Dog
4670,Dog
4671,Cat
4672,Cat
4673,Dog
4674,Dog
4675,Cat
4676,Dog
4677,Dog
4678,Dog
4679,Dog
4680,Dog
4681,Dog
4682,Dog
4683,Cat
4684,Cat
4685,Dog
4686,Cat
4687,Dog
4688,Cat
4689,Dog
4690,Dog
4691,Dog
4692,Dog
4693,Dog
4694,Cat
4695,Dog
4696,Cat
4697,Cat
4698,Dog
4699,Dog
4700,Dog
4701,Cat
4702,Dog
4703,Cat
4704,Dog
4705,Cat
4706,Dog
4707,Cat
4708,Dog
4709,Dog
4710,Cat
4711,Cat
4712,Dog
4713,Cat
4714,Dog
4715,Dog
4716,Dog
4717,Dog
4718,Dog
4719,Cat
4720,Dog
4721,Dog
4722,Cat
4723,Dog
4724,Cat
4725,Dog
4726,Dog
4727,Dog
4728,Dog
4729,Dog
4730,Dog
4731,Dog
4732,Cat
4733,Cat
4734,Dog
4735,Cat
4736,Cat
4737,Dog
4738,Dog
4739,Dog
4740,Dog
4741,Cat
4742,Dog
4743,Dog
4744,Dog
4745,Dog
4746,Cat
4747,Dog
4748,Dog
4749,Dog
4750,Dog
4751,Cat
4752,Dog
4753,Dog
4754,Dog
4755,Dog
4756,Cat
4757,Dog
4758,Dog
4759,Dog
4760,Cat
4761,Dog
4762,Dog
4763,Dog
4764,Cat
4765,Dog
4766,Dog
4767,Dog
4768,Cat
4769,Dog
4770,Dog
4771,Dog
4772,Dog
4773,Dog
4774,Cat
4775,Dog
4776,Dog
4777,Cat
4778,Dog
4779,Cat
4780,Cat
4781,Dog
4782,Cat
4783,Dog
4784,Dog
4785,Dog
4786,Dog
4787,Dog
4788,Cat
4789,Dog
4790,Cat
4791,Dog
4792,Dog
4793,Dog
4794,Dog
4795,Dog
4796,Dog
4797,Cat
4798,Dog
4799,Cat
4800,Cat
4801,Dog
4802,Dog
4803,Dog
4804,Dog
4805,Cat
4806,Cat
4807,Dog
4808,Dog
4809,Dog
4810,Cat
4811,Cat
4812,Dog
4813,Cat
4814,Dog
4815,Dog
4816,Cat
4817,Dog
4818,Cat
4819,Dog
4820,Dog
4821,Dog
4822,Cat
4823,Dog
4824,Cat
4825,Dog
4826,Cat
4827,Dog
4828,Cat
4829,Dog
4830,Cat
4831,Cat
4832,Dog
4833,Dog
4834,Dog
4835,Dog
4836,Dog
4837,Dog
4838,Cat
4839,Cat
4840,Dog
4841,Cat
4842,Dog
4843,Dog
4844,Cat
4845,Dog
4846,Dog
4847,Dog
4848,Cat
4849,Dog
4850,Dog
4851,Dog
4852,Dog
4853,Dog
4854,Dog
4855,Dog
4856,Dog
4857,Dog
4858,Dog
4859,Dog
4860,Cat
4861,Dog
4862,Dog
4863,Dog
4864,Dog
4865,Dog
4866,Cat
4867,Cat
4868,Cat
4869,Dog
4870,Dog
4871,Dog
4872,Dog
4873,Cat
4874,Dog
4875,Dog
4876,Dog
4877,Dog
4878,Dog
4879,Dog
4880,Dog
4881,Cat
4882,Cat
4883,Dog
4884,Cat
4885,Dog
4886,Dog
4887,Cat
4888,Dog
4889,Cat
4890,Dog
4891,Cat
4892,Dog
4893,Dog
4894,Dog
4895,Dog
4896,Dog
4897,Cat
4898,Cat
4899,Cat
4900,Dog
4901,Dog
4902,Dog
4903,Dog
4904,Cat
4905,Dog
4906,Dog
4907,Cat
4908,Cat
4909,Dog
4910,Dog
4911,Dog
4912,Dog
4913,Dog
4914,Cat
4915,Cat
4916,Dog
4917,Dog
4918,Cat
4919,Cat
4920,Dog
4921,Cat
4922,Cat
4923,Cat
4924,Dog
4925,Dog
4926,Dog
4927,Dog
4928,Cat
4929,Dog
4930,Cat
4931,Dog
4932,Dog
4933,Cat
4934,Dog
4935,Dog
4936,Dog
4937,Dog
4938,Dog
4939,Cat
4940,Dog
4941,Dog
4942,Dog
4943,Cat
4944,Dog
4945,Dog
4946,Dog
4947,Dog
4948,Cat
4949,Dog
4950,Cat
4951,Dog
4952,Dog
4953,Dog
4954,Dog
4955,Cat
4956,Cat
4957,Dog
4958,Dog
4959,Cat
4960,Dog
4961,Cat
4962,Dog
4963,Dog
4964,Cat
4965,Dog
4966,Dog
4967,Cat
4968,Dog
4969,Dog
4970,Dog
4971,Cat
4972,Dog
4973,Cat
4974,Cat
4975,Cat
4976,Cat
4977,Dog
4978,Dog
4979,Dog
4980,Cat
4981,Dog
4982,Cat
4983,Cat
4984,Dog
4985,Dog
4986,Dog
4987,Cat
4988,Dog
4989,Dog
4990,Dog
4991,Cat
4992,Dog
4993,Dog
4994,Dog
4995,Dog
4996,Dog
4997,Dog
4998,Cat
4999,Dog
